,peak_date,peak_value,start,end,smoothed_peak_date,cme_flag
0,2000-01-12 06:00:00,603.0,2000-01-11 05:00:00,2000-01-15 07:00:00,2000-01-12 23:00:00,False
1,2000-01-28 14:00:00,765.0,2000-01-27 09:00:00,2000-02-02 16:00:00,2000-01-29 13:00:00,False
2,2000-02-06 18:00:00,649.0,2000-02-05 20:00:00,2000-02-09 15:00:00,2000-02-07 13:00:00,False
3,2000-02-14 10:00:00,681.0,2000-02-11 16:00:00,2000-02-16 08:00:00,2000-02-14 00:00:00,True
4,2000-02-25 07:00:00,781.0,2000-02-21 05:00:00,2000-03-02 03:00:00,2000-02-25 16:00:00,True
5,2000-03-08 12:00:00,471.0,2000-03-06 06:00:00,2000-03-09 22:00:00,2000-03-07 23:00:00,False
6,2000-03-24 11:00:00,727.0,2000-03-22 04:00:00,2000-03-27 14:00:00,2000-03-24 18:00:00,False
7,2000-04-07 09:00:00,626.0,2000-04-06 07:00:00,2000-04-10 23:00:00,2000-04-08 12:00:00,True
8,2000-04-24 16:00:00,559.0,2000-04-18 02:00:00,2000-04-26 13:00:00,2000-04-20 22:00:00,True
9,2000-05-02 12:00:00,812.0,2000-04-29 12:00:00,2000-05-08 00:00:00,2000-05-02 19:00:00,True
10,2000-05-18 03:00:00,596.0,2000-05-13 17:00:00,2000-05-20 11:00:00,2000-05-18 14:00:00,True
11,2000-05-24 13:00:00,684.0,2000-05-22 07:00:00,2000-05-27 10:00:00,2000-05-24 10:00:00,True
12,2000-05-30 17:00:00,646.0,2000-05-29 19:00:00,2000-06-01 19:00:00,2000-05-31 04:00:00,False
13,2000-06-08 18:00:00,775.0,2000-06-04 22:00:00,2000-06-14 19:00:00,2000-06-09 00:00:00,True
14,2000-06-15 16:00:00,682.0,2000-06-14 20:00:00,2000-06-16 21:00:00,2000-06-15 22:00:00,False
15,2000-06-23 21:00:00,592.0,2000-06-22 13:00:00,2000-06-29 14:00:00,2000-06-24 15:00:00,True
16,2000-07-04 23:00:00,468.0,2000-07-01 09:00:00,2000-07-07 07:00:00,2000-07-05 18:00:00,True
17,2000-07-15 21:00:00,1107.0,2000-07-11 02:00:00,2000-07-21 08:00:00,2000-07-15 23:00:00,True
18,2000-08-05 11:00:00,581.0,2000-08-03 12:00:00,2000-08-07 20:00:00,2000-08-06 00:00:00,False
19,2000-08-12 04:00:00,672.0,2000-08-10 13:00:00,2000-08-16 09:00:00,2000-08-12 23:00:00,True
20,2000-08-29 18:00:00,620.0,2000-08-27 21:00:00,2000-09-03 13:00:00,2000-08-30 04:00:00,True
21,2000-09-18 00:00:00,840.0,2000-09-16 17:00:00,2000-09-22 00:00:00,2000-09-18 17:00:00,True
22,2000-09-26 09:00:00,596.0,2000-09-24 21:00:00,2000-09-28 09:00:00,2000-09-26 16:00:00,False
23,2000-10-05 14:00:00,531.0,2000-10-03 10:00:00,2000-10-07 11:00:00,2000-10-05 18:00:00,True
24,2000-10-16 03:00:00,585.0,2000-10-13 16:00:00,2000-10-20 06:00:00,2000-10-16 13:00:00,True
25,2000-10-23 10:00:00,565.0,2000-10-22 03:00:00,2000-10-24 16:00:00,2000-10-23 09:00:00,False
26,2000-11-10 07:00:00,908.0,2000-11-05 04:00:00,2000-11-14 19:00:00,2000-11-11 07:00:00,True
27,2000-11-27 10:00:00,633.0,2000-11-25 12:00:00,2000-12-01 10:00:00,2000-11-27 22:00:00,True
28,2000-12-10 06:00:00,679.0,2000-12-07 13:00:00,2000-12-12 19:00:00,2000-12-09 21:00:00,False
29,2000-12-26 07:00:00,447.0,2000-12-23 00:00:00,2000-12-30 21:00:00,2000-12-27 01:00:00,True
30,2001-01-11 09:00:00,474.0,2001-01-03 18:00:00,2001-01-15 13:00:00,2001-01-11 12:00:00,False
31,2001-01-23 12:00:00,549.0,2001-01-21 21:00:00,2001-01-26 07:00:00,2001-01-23 16:00:00,True
32,2001-01-29 19:00:00,467.0,2001-01-29 00:00:00,2001-02-03 07:00:00,2001-01-31 00:00:00,False
33,2001-02-07 03:00:00,520.0,2001-02-06 21:00:00,2001-02-09 07:00:00,2001-02-07 19:00:00,False
34,2001-02-14 23:00:00,589.0,2001-02-09 08:00:00,2001-02-17 17:00:00,2001-02-14 23:00:00,False
35,2001-03-06 00:00:00,579.0,2001-02-27 20:00:00,2001-03-11 21:00:00,2001-03-06 07:00:00,True
36,2001-04-01 05:00:00,822.0,2001-03-28 17:00:00,2001-04-03 15:00:00,2001-04-01 09:00:00,True
37,2001-04-13 10:00:00,833.0,2001-04-03 16:00:00,2001-04-16 20:00:00,2001-04-13 09:00:00,True
38,2001-04-28 06:00:00,724.0,2001-04-26 06:00:00,2001-05-01 05:00:00,2001-04-28 23:00:00,True
39,2001-05-12 16:00:00,674.0,2001-05-07 19:00:00,2001-05-19 00:00:00,2001-05-13 14:00:00,True
40,2001-05-27 16:00:00,587.0,2001-05-23 19:00:00,2001-05-31 14:00:00,2001-05-25 18:00:00,True
41,2001-06-02 14:00:00,574.0,2001-06-02 01:00:00,2001-06-05 04:00:00,2001-06-03 10:00:00,False
42,2001-06-10 04:00:00,631.0,2001-06-07 18:00:00,2001-06-12 22:00:00,2001-06-10 10:00:00,True
43,2001-06-20 04:00:00,781.0,2001-06-18 23:00:00,2001-06-28 17:00:00,2001-06-20 16:00:00,True
44,2001-07-06 22:00:00,476.0,2001-07-04 12:00:00,2001-07-11 04:00:00,2001-07-07 16:00:00,True
45,2001-07-18 04:00:00,664.0,2001-07-13 17:00:00,2001-07-21 10:00:00,2001-07-18 14:00:00,True
46,2001-07-25 12:00:00,582.0,2001-07-24 10:00:00,2001-07-27 21:00:00,2001-07-26 04:00:00,False
47,2001-08-01 01:00:00,599.0,2001-07-31 07:00:00,2001-08-03 02:00:00,2001-08-01 11:00:00,False
48,2001-08-22 15:00:00,648.0,2001-08-15 05:00:00,2001-08-24 20:00:00,2001-08-22 14:00:00,True
49,2001-08-28 04:00:00,576.0,2001-08-26 23:00:00,2001-08-31 10:00:00,2001-08-28 15:00:00,True
50,2001-09-04 03:00:00,552.0,2001-09-01 13:00:00,2001-09-06 01:00:00,2001-09-04 15:00:00,True
51,2001-09-15 15:00:00,604.0,2001-09-13 18:00:00,2001-09-19 09:00:00,2001-09-16 01:00:00,True
52,2001-09-29 12:00:00,694.0,2001-09-23 10:00:00,2001-10-05 22:00:00,2001-09-29 13:00:00,True
53,2001-10-12 04:00:00,572.0,2001-10-09 07:00:00,2001-10-15 09:00:00,2001-10-12 14:00:00,True
54,2001-10-22 01:00:00,677.0,2001-10-20 19:00:00,2001-10-25 15:00:00,2001-10-22 15:00:00,True
55,2001-11-06 21:00:00,729.0,2001-11-05 13:00:00,2001-11-11 20:00:00,2001-11-07 12:00:00,True
56,2001-11-24 14:00:00,1040.0,2001-11-19 22:00:00,2001-11-28 01:00:00,2001-11-25 01:00:00,True
57,2001-12-04 07:00:00,505.0,2001-12-03 05:00:00,2001-12-09 09:00:00,2001-12-05 07:00:00,False
58,2001-12-16 02:00:00,569.0,2001-12-15 19:00:00,2001-12-19 11:00:00,2001-12-17 06:00:00,False
59,2001-12-24 16:00:00,612.0,2001-12-23 15:00:00,2001-12-26 09:00:00,2001-12-24 23:00:00,False
60,2001-12-31 00:00:00,648.0,2001-12-28 00:00:00,2002-01-02 23:00:00,2001-12-31 12:00:00,True
61,2002-01-11 04:00:00,643.0,2002-01-09 18:00:00,2002-01-15 12:00:00,2002-01-12 01:00:00,False
62,2002-01-20 16:00:00,515.0,2002-01-19 14:00:00,2002-01-22 22:00:00,2002-01-21 01:00:00,False
63,2002-02-06 03:00:00,679.0,2002-02-05 04:00:00,2002-02-11 05:00:00,2002-02-07 06:00:00,False
64,2002-02-12 00:00:00,574.0,2002-02-11 06:00:00,2002-02-13 12:00:00,2002-02-12 11:00:00,False
65,2002-02-21 06:00:00,471.0,2002-02-18 14:00:00,2002-02-22 21:00:00,2002-02-21 03:00:00,False
66,2002-03-05 11:00:00,703.0,2002-02-28 17:00:00,2002-03-09 14:00:00,2002-03-06 06:00:00,True
67,2002-03-20 15:00:00,576.0,2002-03-19 05:00:00,2002-03-27 22:00:00,2002-03-26 10:00:00,True
68,2002-04-01 05:00:00,766.0,2002-03-29 23:00:00,2002-04-04 22:00:00,2002-04-01 12:00:00,False
69,2002-04-11 13:00:00,504.0,2002-04-11 05:00:00,2002-04-14 10:00:00,2002-04-12 10:00:00,True
70,2002-04-19 09:00:00,670.0,2002-04-17 07:00:00,2002-04-27 16:00:00,2002-04-20 00:00:00,True
71,2002-04-29 22:00:00,550.0,2002-04-27 17:00:00,2002-04-30 23:00:00,2002-04-29 08:00:00,False
72,2002-05-12 13:00:00,524.0,2002-05-11 03:00:00,2002-05-15 11:00:00,2002-05-13 00:00:00,True
73,2002-05-23 16:00:00,872.0,2002-05-20 10:00:00,2002-05-25 18:00:00,2002-05-24 04:00:00,True
74,2002-05-28 01:00:00,769.0,2002-05-25 19:00:00,2002-05-30 15:00:00,2002-05-28 08:00:00,False
75,2002-06-03 05:00:00,465.0,2002-06-02 10:00:00,2002-06-05 22:00:00,2002-06-04 05:00:00,False
76,2002-06-10 06:00:00,498.0,2002-06-08 20:00:00,2002-06-12 04:00:00,2002-06-10 05:00:00,False
77,2002-06-24 07:00:00,521.0,2002-06-18 17:00:00,2002-06-27 10:00:00,2002-06-25 02:00:00,False
78,2002-07-01 12:00:00,474.0,2002-06-30 08:00:00,2002-07-03 05:00:00,2002-07-01 21:00:00,False
79,2002-07-06 12:00:00,567.0,2002-07-05 12:00:00,2002-07-14 10:00:00,2002-07-06 22:00:00,False
80,2002-07-20 04:00:00,922.0,2002-07-18 04:00:00,2002-07-23 23:00:00,2002-07-20 12:00:00,True
81,2002-08-15 22:00:00,624.0,2002-08-10 14:00:00,2002-08-21 22:00:00,2002-08-16 01:00:00,True
82,2002-08-29 10:00:00,502.0,2002-08-27 00:00:00,2002-08-30 16:00:00,2002-08-28 22:00:00,True
83,2002-09-07 18:00:00,550.0,2002-09-07 09:00:00,2002-09-14 11:00:00,2002-09-12 18:00:00,True
84,2002-09-19 17:00:00,746.0,2002-09-16 15:00:00,2002-09-21 19:00:00,2002-09-19 11:00:00,True
85,2002-10-03 00:00:00,517.0,2002-09-30 20:00:00,2002-10-07 03:00:00,2002-10-03 05:00:00,True
86,2002-10-08 09:00:00,512.0,2002-10-07 04:00:00,2002-10-09 20:00:00,2002-10-08 12:00:00,False
87,2002-10-19 08:00:00,696.0,2002-10-15 15:00:00,2002-10-24 04:00:00,2002-10-19 19:00:00,False
88,2002-10-25 00:00:00,768.0,2002-10-24 05:00:00,2002-10-29 06:00:00,2002-10-25 17:00:00,False
89,2002-11-06 18:00:00,610.0,2002-11-03 21:00:00,2002-11-07 23:00:00,2002-11-06 09:00:00,False
90,2002-11-11 15:00:00,658.0,2002-11-11 00:00:00,2002-11-15 19:00:00,2002-11-12 17:00:00,False
91,2002-11-21 13:00:00,728.0,2002-11-17 10:00:00,2002-11-24 20:00:00,2002-11-22 07:00:00,True
92,2002-11-27 02:00:00,593.0,2002-11-26 23:00:00,2002-12-03 01:00:00,2002-11-29 18:00:00,False
93,2002-12-08 18:00:00,643.0,2002-12-07 00:00:00,2002-12-10 08:00:00,2002-12-08 15:00:00,False
94,2002-12-14 22:00:00,550.0,2002-12-14 18:00:00,2002-12-17 07:00:00,2002-12-15 22:00:00,False
95,2002-12-28 05:00:00,773.0,2002-12-17 18:00:00,2002-12-31 17:00:00,2002-12-28 09:00:00,True
96,2003-01-04 06:00:00,634.0,2003-01-03 00:00:00,2003-01-05 16:00:00,2003-01-04 08:00:00,False
97,2003-01-10 22:00:00,469.0,2003-01-10 13:00:00,2003-01-15 13:00:00,2003-01-11 20:00:00,False
98,2003-01-25 05:00:00,777.0,2003-01-19 08:00:00,2003-01-28 14:00:00,2003-01-25 06:00:00,True
99,2003-02-01 17:00:00,824.0,2003-01-31 00:00:00,2003-02-07 20:00:00,2003-02-04 23:00:00,True
100,2003-02-18 05:00:00,697.0,2003-02-14 19:00:00,2003-02-24 14:00:00,2003-02-17 19:00:00,True
101,2003-03-04 10:00:00,583.0,2003-03-03 21:00:00,2003-03-08 03:00:00,2003-03-06 02:00:00,False
102,2003-03-18 10:00:00,833.0,2003-03-14 06:00:00,2003-03-24 09:00:00,2003-03-18 11:00:00,True
103,2003-03-31 04:00:00,645.0,2003-03-29 01:00:00,2003-04-05 19:00:00,2003-03-31 12:00:00,False
104,2003-04-10 20:00:00,755.0,2003-04-10 09:00:00,2003-04-12 20:00:00,2003-04-11 12:00:00,False
105,2003-04-16 12:00:00,765.0,2003-04-14 17:00:00,2003-04-20 17:00:00,2003-04-17 04:00:00,False
106,2003-04-30 22:00:00,660.0,2003-04-29 21:00:00,2003-05-03 04:00:00,2003-05-01 11:00:00,False
107,2003-05-09 09:00:00,888.0,2003-05-05 14:00:00,2003-05-12 11:00:00,2003-05-08 18:00:00,True
108,2003-05-13 19:00:00,800.0,2003-05-12 12:00:00,2003-05-15 09:00:00,2003-05-14 02:00:00,False
109,2003-06-03 19:00:00,858.0,2003-05-27 00:00:00,2003-06-07 07:00:00,2003-06-03 17:00:00,True
110,2003-06-08 11:00:00,814.0,2003-06-07 08:00:00,2003-06-10 21:00:00,2003-06-08 23:00:00,False
111,2003-06-30 01:00:00,800.0,2003-06-26 00:00:00,2003-07-02 06:00:00,2003-06-29 16:00:00,False
112,2003-07-04 09:00:00,792.0,2003-07-03 19:00:00,2003-07-06 19:00:00,2003-07-05 06:00:00,False
113,2003-07-12 17:00:00,699.0,2003-07-11 20:00:00,2003-07-22 04:00:00,2003-07-17 05:00:00,False
114,2003-07-31 09:00:00,827.0,2003-07-26 18:00:00,2003-08-06 02:00:00,2003-07-31 18:00:00,True
115,2003-08-08 07:00:00,779.0,2003-08-07 08:00:00,2003-08-15 13:00:00,2003-08-09 04:00:00,False
116,2003-08-23 08:00:00,777.0,2003-08-18 01:00:00,2003-08-26 05:00:00,2003-08-23 01:00:00,True
117,2003-09-04 15:00:00,673.0,2003-09-03 09:00:00,2003-09-07 00:00:00,2003-09-05 07:00:00,False
118,2003-09-10 09:00:00,674.0,2003-09-09 07:00:00,2003-09-13 07:00:00,2003-09-11 03:00:00,False
119,2003-09-18 13:00:00,812.0,2003-09-16 20:00:00,2003-09-24 01:00:00,2003-09-18 22:00:00,False
120,2003-09-25 06:00:00,720.0,2003-09-24 02:00:00,2003-09-26 09:00:00,2003-09-25 08:00:00,False
121,2003-10-06 22:00:00,621.0,2003-10-05 16:00:00,2003-10-10 19:00:00,2003-10-08 12:00:00,False
122,2003-10-22 00:00:00,744.0,2003-10-14 22:00:00,2003-10-24 15:00:00,2003-10-21 10:00:00,True
123,2003-10-31 03:00:00,1189.0,2003-10-25 14:00:00,2003-11-02 21:00:00,2003-10-30 13:00:00,True
124,2003-11-16 16:00:00,809.0,2003-11-10 07:00:00,2003-11-19 15:00:00,2003-11-17 01:00:00,False
125,2003-12-13 22:00:00,832.0,2003-12-08 10:00:00,2003-12-16 23:00:00,2003-12-11 19:00:00,False
126,2003-12-22 21:00:00,628.0,2003-12-20 21:00:00,2003-12-24 11:00:00,2003-12-22 12:00:00,False
127,2004-01-07 06:00:00,739.0,2003-12-31 18:00:00,2004-01-15 20:00:00,2004-01-07 00:00:00,True
128,2004-01-17 02:00:00,642.0,2004-01-15 21:00:00,2004-01-20 13:00:00,2004-01-17 12:00:00,False
129,2004-01-30 11:00:00,672.0,2004-01-28 12:00:00,2004-02-07 04:00:00,2004-02-03 13:00:00,False
130,2004-02-15 08:00:00,735.0,2004-02-11 16:00:00,2004-02-17 13:00:00,2004-02-14 03:00:00,False
131,2004-02-29 16:00:00,717.0,2004-02-28 07:00:00,2004-03-05 05:00:00,2004-03-01 23:00:00,False
132,2004-03-11 02:00:00,770.0,2004-03-09 09:00:00,2004-03-14 09:00:00,2004-03-11 07:00:00,False
133,2004-03-22 07:00:00,439.0,2004-03-20 08:00:00,2004-03-23 15:00:00,2004-03-22 02:00:00,False
134,2004-03-28 00:00:00,874.0,2004-03-26 10:00:00,2004-04-01 02:00:00,2004-03-28 13:00:00,False
135,2004-04-06 14:00:00,610.0,2004-04-03 14:00:00,2004-04-09 19:00:00,2004-04-07 02:00:00,True
136,2004-04-26 00:00:00,549.0,2004-04-23 14:00:00,2004-05-01 12:00:00,2004-04-25 19:00:00,True
137,2004-05-06 00:00:00,616.0,2004-05-01 15:00:00,2004-05-10 18:00:00,2004-05-06 20:00:00,True
138,2004-05-20 23:00:00,566.0,2004-05-20 07:00:00,2004-05-26 10:00:00,2004-05-22 03:00:00,False
139,2004-06-01 13:00:00,576.0,2004-05-29 10:00:00,2004-06-11 12:00:00,2004-06-01 19:00:00,False
140,2004-06-16 07:00:00,588.0,2004-06-14 18:00:00,2004-06-20 11:00:00,2004-06-16 22:00:00,False
141,2004-06-29 09:00:00,594.0,2004-06-28 10:00:00,2004-07-05 15:00:00,2004-06-30 17:00:00,False
142,2004-07-12 06:00:00,574.0,2004-07-12 04:00:00,2004-07-15 03:00:00,2004-07-13 12:00:00,False
143,2004-07-27 01:00:00,1072.0,2004-07-22 11:00:00,2004-07-30 12:00:00,2004-07-27 09:00:00,True
144,2004-08-11 00:00:00,608.0,2004-08-08 09:00:00,2004-08-14 13:00:00,2004-08-11 16:00:00,False
145,2004-08-22 11:00:00,481.0,2004-08-20 13:00:00,2004-08-23 21:00:00,2004-08-22 04:00:00,False
146,2004-09-01 04:00:00,512.0,2004-08-26 22:00:00,2004-09-03 16:00:00,2004-09-01 14:00:00,True
147,2004-09-07 04:00:00,450.0,2004-09-06 02:00:00,2004-09-09 03:00:00,2004-09-07 14:00:00,False
148,2004-09-14 10:00:00,610.0,2004-09-13 15:00:00,2004-09-20 00:00:00,2004-09-15 17:00:00,True
149,2004-09-22 07:00:00,534.0,2004-09-21 11:00:00,2004-09-24 12:00:00,2004-09-22 23:00:00,False
150,2004-10-14 16:00:00,543.0,2004-10-10 23:00:00,2004-10-16 16:00:00,2004-10-14 15:00:00,False
151,2004-10-24 22:00:00,503.0,2004-10-20 16:00:00,2004-10-27 13:00:00,2004-10-25 13:00:00,False
152,2004-10-31 18:00:00,465.0,2004-10-30 10:00:00,2004-11-01 19:00:00,2004-10-31 13:00:00,False
153,2004-11-09 22:00:00,824.0,2004-11-07 13:00:00,2004-11-14 04:00:00,2004-11-09 22:00:00,True
154,2004-11-21 15:00:00,632.0,2004-11-20 12:00:00,2004-11-23 09:00:00,2004-11-21 19:00:00,False
155,2004-11-30 15:00:00,697.0,2004-11-28 18:00:00,2004-12-02 23:00:00,2004-11-30 22:00:00,False
156,2004-12-11 17:00:00,565.0,2004-12-06 07:00:00,2004-12-13 19:00:00,2004-12-07 21:00:00,True
157,2004-12-17 19:00:00,669.0,2004-12-16 08:00:00,2004-12-19 14:00:00,2004-12-17 22:00:00,False
158,2005-01-02 09:00:00,773.0,2005-01-01 15:00:00,2005-01-07 04:00:00,2005-01-04 06:00:00,False
159,2005-01-13 05:00:00,731.0,2005-01-12 19:00:00,2005-01-15 01:00:00,2005-01-13 17:00:00,False
160,2005-01-18 07:00:00,1154.0,2005-01-15 02:00:00,2005-01-25 02:00:00,2005-01-19 08:00:00,True
161,2005-01-31 12:00:00,672.0,2005-01-29 14:00:00,2005-02-03 22:00:00,2005-01-31 12:00:00,True
162,2005-02-10 05:00:00,747.0,2005-02-07 04:00:00,2005-02-12 20:00:00,2005-02-09 17:00:00,False
163,2005-02-18 17:00:00,587.0,2005-02-17 10:00:00,2005-02-22 07:00:00,2005-02-19 06:00:00,True
164,2005-03-01 14:00:00,673.0,2005-02-26 08:00:00,2005-03-03 16:00:00,2005-03-01 16:00:00,False
165,2005-03-08 09:00:00,767.0,2005-03-06 05:00:00,2005-03-11 16:00:00,2005-03-08 20:00:00,False
166,2005-03-21 08:00:00,624.0,2005-03-16 05:00:00,2005-03-22 15:00:00,2005-03-18 21:00:00,False
167,2005-03-25 18:00:00,708.0,2005-03-24 23:00:00,2005-03-30 21:00:00,2005-03-26 19:00:00,False
168,2005-04-05 10:00:00,662.0,2005-04-04 05:00:00,2005-04-07 14:00:00,2005-04-05 19:00:00,False
169,2005-04-13 07:00:00,638.0,2005-04-12 00:00:00,2005-04-16 17:00:00,2005-04-13 21:00:00,False
170,2005-04-23 18:00:00,583.0,2005-04-20 07:00:00,2005-04-26 11:00:00,2005-04-24 08:00:00,False
171,2005-05-01 05:00:00,669.0,2005-04-29 20:00:00,2005-05-03 23:00:00,2005-05-01 15:00:00,False
172,2005-05-08 12:00:00,824.0,2005-05-08 05:00:00,2005-05-10 12:00:00,2005-05-09 05:00:00,False
173,2005-05-15 09:00:00,985.0,2005-05-10 13:00:00,2005-05-19 22:00:00,2005-05-15 19:00:00,True
174,2005-05-29 19:00:00,542.0,2005-05-29 03:00:00,2005-06-01 05:00:00,2005-05-30 15:00:00,True
175,2005-06-05 16:00:00,662.0,2005-06-03 07:00:00,2005-06-08 18:00:00,2005-06-05 22:00:00,False
176,2005-06-16 20:00:00,692.0,2005-06-12 15:00:00,2005-06-19 19:00:00,2005-06-17 03:00:00,True
177,2005-06-25 21:00:00,670.0,2005-06-23 15:00:00,2005-06-27 19:00:00,2005-06-25 16:00:00,False
178,2005-07-01 23:00:00,639.0,2005-07-01 08:00:00,2005-07-05 02:00:00,2005-07-03 00:00:00,False
179,2005-07-13 16:00:00,620.0,2005-07-10 10:00:00,2005-07-15 04:00:00,2005-07-13 16:00:00,True
180,2005-07-22 01:00:00,626.0,2005-07-15 05:00:00,2005-07-24 05:00:00,2005-07-22 02:00:00,True
181,2005-08-01 15:00:00,613.0,2005-07-28 09:00:00,2005-08-03 01:00:00,2005-07-29 16:00:00,False
182,2005-08-07 05:00:00,722.0,2005-08-05 16:00:00,2005-08-09 20:00:00,2005-08-07 14:00:00,True
183,2005-08-17 17:00:00,714.0,2005-08-15 08:00:00,2005-08-20 05:00:00,2005-08-17 19:00:00,False
184,2005-08-24 13:00:00,718.0,2005-08-23 11:00:00,2005-08-26 22:00:00,2005-08-25 07:00:00,True
185,2005-09-04 14:00:00,764.0,2005-09-01 15:00:00,2005-09-06 06:00:00,2005-09-04 04:00:00,True
186,2005-09-11 06:00:00,1127.0,2005-09-09 17:00:00,2005-09-18 22:00:00,2005-09-12 01:00:00,True
187,2005-10-01 06:00:00,538.0,2005-09-29 16:00:00,2005-10-04 01:00:00,2005-10-02 00:00:00,False
188,2005-10-08 11:00:00,726.0,2005-10-07 15:00:00,2005-10-12 13:00:00,2005-10-09 18:00:00,False
189,2005-10-26 15:00:00,556.0,2005-10-25 08:00:00,2005-10-28 23:00:00,2005-10-27 01:00:00,False
190,2005-11-04 12:00:00,732.0,2005-10-31 02:00:00,2005-11-09 02:00:00,2005-11-05 04:00:00,True
191,2005-11-25 04:00:00,488.0,2005-11-23 21:00:00,2005-11-26 12:00:00,2005-11-25 03:00:00,False
192,2005-12-01 09:00:00,737.0,2005-11-29 11:00:00,2005-12-05 20:00:00,2005-12-02 09:00:00,False
193,2005-12-11 14:00:00,562.0,2005-12-10 20:00:00,2005-12-15 01:00:00,2005-12-12 11:00:00,False
194,2005-12-20 08:00:00,579.0,2005-12-19 13:00:00,2005-12-23 07:00:00,2005-12-21 03:00:00,False
195,2005-12-29 03:00:00,731.0,2005-12-27 01:00:00,2006-01-02 13:00:00,2005-12-29 10:00:00,True
196,2006-01-18 19:00:00,553.0,2006-01-17 05:00:00,2006-01-20 18:00:00,2006-01-18 23:00:00,False
197,2006-01-27 06:00:00,684.0,2006-01-20 19:00:00,2006-01-29 17:00:00,2006-01-27 10:00:00,False
198,2006-02-16 06:00:00,563.0,2006-02-15 11:00:00,2006-02-17 20:00:00,2006-02-16 14:00:00,False
199,2006-02-22 01:00:00,692.0,2006-02-19 20:00:00,2006-02-24 13:00:00,2006-02-22 01:00:00,False
200,2006-03-01 17:00:00,443.0,2006-02-28 14:00:00,2006-03-04 04:00:00,2006-03-02 07:00:00,False
201,2006-03-11 08:00:00,567.0,2006-03-10 11:00:00,2006-03-13 02:00:00,2006-03-11 17:00:00,False
202,2006-03-20 12:00:00,719.0,2006-03-15 05:00:00,2006-03-23 21:00:00,2006-03-20 12:00:00,False
203,2006-04-10 12:00:00,692.0,2006-04-09 13:00:00,2006-04-11 20:00:00,2006-04-10 14:00:00,False
204,2006-04-15 14:00:00,679.0,2006-04-11 21:00:00,2006-04-19 09:00:00,2006-04-15 22:00:00,True
205,2006-04-23 04:00:00,596.0,2006-04-21 14:00:00,2006-04-24 16:00:00,2006-04-23 03:00:00,False
206,2006-05-07 08:00:00,639.0,2006-05-06 23:00:00,2006-05-09 06:00:00,2006-05-08 00:00:00,False
207,2006-05-12 02:00:00,669.0,2006-05-09 07:00:00,2006-05-15 15:00:00,2006-05-12 20:00:00,False
208,2006-05-19 18:00:00,595.0,2006-05-18 05:00:00,2006-05-23 18:00:00,2006-05-19 23:00:00,False
209,2006-06-03 01:00:00,599.0,2006-06-01 09:00:00,2006-06-04 06:00:00,2006-06-02 18:00:00,False
210,2006-06-08 10:00:00,670.0,2006-06-05 23:00:00,2006-06-12 09:00:00,2006-06-08 22:00:00,False
211,2006-06-16 00:00:00,614.0,2006-06-14 19:00:00,2006-06-19 12:00:00,2006-06-17 02:00:00,False
212,2006-06-29 07:00:00,600.0,2006-06-28 04:00:00,2006-07-01 18:00:00,2006-06-29 17:00:00,False
213,2006-07-05 05:00:00,633.0,2006-07-04 04:00:00,2006-07-09 04:00:00,2006-07-06 06:00:00,False
214,2006-07-12 20:00:00,530.0,2006-07-10 21:00:00,2006-07-15 10:00:00,2006-07-13 02:00:00,True
215,2006-07-28 12:00:00,648.0,2006-07-28 06:00:00,2006-07-29 22:00:00,2006-07-28 23:00:00,False
216,2006-08-01 13:00:00,634.0,2006-07-29 23:00:00,2006-08-05 04:00:00,2006-08-02 02:00:00,False
217,2006-08-08 01:00:00,629.0,2006-08-07 02:00:00,2006-08-11 05:00:00,2006-08-08 16:00:00,False
218,2006-08-22 18:00:00,505.0,2006-08-19 23:00:00,2006-08-24 16:00:00,2006-08-22 20:00:00,True
219,2006-08-28 04:00:00,664.0,2006-08-27 04:00:00,2006-09-01 07:00:00,2006-08-29 02:00:00,True
220,2006-09-04 22:00:00,621.0,2006-09-03 10:00:00,2006-09-07 04:00:00,2006-09-05 06:00:00,False
221,2006-09-13 12:00:00,495.0,2006-09-11 16:00:00,2006-09-14 23:00:00,2006-09-13 12:00:00,False
222,2006-09-18 19:00:00,639.0,2006-09-17 09:00:00,2006-09-20 15:00:00,2006-09-19 00:00:00,False
223,2006-09-25 02:00:00,674.0,2006-09-23 17:00:00,2006-09-27 19:00:00,2006-09-25 11:00:00,False
224,2006-10-01 12:00:00,569.0,2006-09-30 08:00:00,2006-10-04 01:00:00,2006-10-02 03:00:00,True
225,2006-10-07 21:00:00,536.0,2006-10-07 09:00:00,2006-10-10 06:00:00,2006-10-08 16:00:00,False
226,2006-10-15 06:00:00,597.0,2006-10-13 03:00:00,2006-10-17 07:00:00,2006-10-15 03:00:00,False
227,2006-10-21 15:00:00,647.0,2006-10-20 07:00:00,2006-10-25 23:00:00,2006-10-22 08:00:00,False
228,2006-10-29 23:00:00,584.0,2006-10-28 13:00:00,2006-11-01 01:00:00,2006-10-30 02:00:00,False
229,2006-11-11 10:00:00,651.0,2006-11-09 23:00:00,2006-11-13 16:00:00,2006-11-11 14:00:00,False
230,2006-11-26 14:00:00,643.0,2006-11-23 08:00:00,2006-11-30 10:00:00,2006-11-25 23:00:00,True
231,2006-12-14 15:00:00,955.0,2006-12-06 06:00:00,2006-12-19 15:00:00,2006-12-14 22:00:00,True
232,2006-12-21 03:00:00,736.0,2006-12-19 16:00:00,2006-12-24 22:00:00,2006-12-21 15:00:00,False
233,2007-01-03 13:00:00,699.0,2007-01-01 21:00:00,2007-01-06 21:00:00,2007-01-04 05:00:00,False
234,2007-01-11 22:00:00,514.0,2007-01-10 11:00:00,2007-01-12 23:00:00,2007-01-11 17:00:00,False
235,2007-01-17 13:00:00,698.0,2007-01-14 12:00:00,2007-01-22 12:00:00,2007-01-18 06:00:00,True
236,2007-01-31 08:00:00,719.0,2007-01-29 02:00:00,2007-02-03 05:00:00,2007-01-31 06:00:00,False
237,2007-02-09 10:00:00,467.0,2007-02-06 17:00:00,2007-02-10 02:00:00,2007-02-08 13:00:00,False
238,2007-02-14 06:00:00,736.0,2007-02-12 23:00:00,2007-02-18 01:00:00,2007-02-15 02:00:00,False
239,2007-02-28 22:00:00,661.0,2007-02-27 04:00:00,2007-03-02 22:00:00,2007-03-01 00:00:00,False
240,2007-03-07 17:00:00,625.0,2007-03-05 16:00:00,2007-03-08 20:00:00,2007-03-07 08:00:00,False
241,2007-03-13 10:00:00,706.0,2007-03-11 21:00:00,2007-03-19 01:00:00,2007-03-14 14:00:00,False
242,2007-03-28 04:00:00,585.0,2007-03-25 18:00:00,2007-03-29 12:00:00,2007-03-27 21:00:00,False
243,2007-04-02 20:00:00,649.0,2007-03-31 18:00:00,2007-04-05 13:00:00,2007-04-03 00:00:00,False
244,2007-04-12 07:00:00,554.0,2007-04-09 15:00:00,2007-04-14 03:00:00,2007-04-12 00:00:00,False
245,2007-04-29 21:00:00,683.0,2007-04-23 12:00:00,2007-05-02 12:00:00,2007-04-29 14:00:00,False
246,2007-05-08 04:00:00,639.0,2007-05-07 10:00:00,2007-05-11 16:00:00,2007-05-09 02:00:00,False
247,2007-05-20 02:00:00,673.0,2007-05-19 01:00:00,2007-05-21 11:00:00,2007-05-20 02:00:00,False
248,2007-05-26 13:00:00,698.0,2007-05-21 12:00:00,2007-05-29 12:00:00,2007-05-26 07:00:00,False
249,2007-06-04 14:00:00,516.0,2007-06-02 11:00:00,2007-06-06 09:00:00,2007-06-04 12:00:00,False
250,2007-06-09 18:00:00,451.0,2007-06-08 15:00:00,2007-06-11 02:00:00,2007-06-09 23:00:00,False
251,2007-06-15 02:00:00,619.0,2007-06-13 23:00:00,2007-06-21 12:00:00,2007-06-15 18:00:00,False
252,2007-06-23 04:00:00,577.0,2007-06-21 13:00:00,2007-06-24 16:00:00,2007-06-23 03:00:00,False
253,2007-06-30 04:00:00,540.0,2007-06-29 15:00:00,2007-07-01 17:00:00,2007-06-30 15:00:00,False
254,2007-07-04 09:00:00,628.0,2007-07-03 07:00:00,2007-07-07 16:00:00,2007-07-05 01:00:00,False
255,2007-07-15 03:00:00,608.0,2007-07-10 20:00:00,2007-07-17 12:00:00,2007-07-12 09:00:00,False
256,2007-07-21 07:00:00,531.0,2007-07-20 08:00:00,2007-07-23 16:00:00,2007-07-21 19:00:00,False
257,2007-08-01 19:00:00,651.0,2007-07-28 15:00:00,2007-08-04 05:00:00,2007-08-01 13:00:00,False
258,2007-08-07 08:00:00,693.0,2007-08-06 13:00:00,2007-08-12 18:00:00,2007-08-08 00:00:00,False
259,2007-08-16 06:00:00,463.0,2007-08-15 05:00:00,2007-08-18 00:00:00,2007-08-16 12:00:00,False
260,2007-08-27 18:00:00,676.0,2007-08-26 23:00:00,2007-08-30 00:00:00,2007-08-28 08:00:00,False
261,2007-09-03 23:00:00,671.0,2007-08-30 01:00:00,2007-09-08 22:00:00,2007-09-03 13:00:00,False
262,2007-09-24 08:00:00,682.0,2007-09-20 18:00:00,2007-09-28 04:00:00,2007-09-23 21:00:00,False
263,2007-09-29 23:00:00,673.0,2007-09-28 05:00:00,2007-10-01 12:00:00,2007-09-29 20:00:00,False
264,2007-10-20 01:00:00,671.0,2007-10-17 22:00:00,2007-10-25 06:00:00,2007-10-20 05:00:00,False
265,2007-10-26 00:00:00,700.0,2007-10-25 07:00:00,2007-10-30 17:00:00,2007-10-26 20:00:00,False
266,2007-11-14 09:00:00,668.0,2007-11-12 10:00:00,2007-11-18 06:00:00,2007-11-14 23:00:00,False
267,2007-11-21 14:00:00,668.0,2007-11-19 23:00:00,2007-11-27 17:00:00,2007-11-25 10:00:00,True
268,2007-12-11 07:00:00,638.0,2007-12-11 00:00:00,2007-12-14 15:00:00,2007-12-12 12:00:00,False
269,2007-12-20 22:00:00,720.0,2007-12-16 19:00:00,2007-12-24 11:00:00,2007-12-20 23:00:00,False
270,2008-01-07 13:00:00,711.0,2008-01-05 16:00:00,2008-01-09 23:00:00,2008-01-07 10:00:00,False
271,2008-01-15 00:00:00,720.0,2008-01-13 02:00:00,2008-01-22 05:00:00,2008-01-15 21:00:00,False
272,2008-02-03 11:00:00,632.0,2008-02-01 01:00:00,2008-02-05 11:00:00,2008-02-03 03:00:00,False
273,2008-02-11 11:00:00,748.0,2008-02-10 02:00:00,2008-02-21 16:00:00,2008-02-12 10:00:00,False
274,2008-03-01 07:00:00,784.0,2008-02-27 20:00:00,2008-03-04 23:00:00,2008-03-01 14:00:00,False
275,2008-03-11 08:00:00,704.0,2008-03-09 01:00:00,2008-03-21 07:00:00,2008-03-11 15:00:00,False
276,2008-03-28 09:00:00,687.0,2008-03-26 14:00:00,2008-03-30 10:00:00,2008-03-28 09:00:00,False
277,2008-04-08 19:00:00,752.0,2008-04-04 17:00:00,2008-04-14 10:00:00,2008-04-09 03:00:00,False
278,2008-04-16 22:00:00,601.0,2008-04-16 15:00:00,2008-04-20 22:00:00,2008-04-18 14:00:00,False
279,2008-04-23 20:00:00,658.0,2008-04-23 06:00:00,2008-04-27 09:00:00,2008-04-24 19:00:00,False
280,2008-05-06 02:00:00,648.0,2008-05-03 07:00:00,2008-05-08 04:00:00,2008-05-05 16:00:00,False
281,2008-05-21 14:00:00,603.0,2008-05-20 16:00:00,2008-05-25 15:00:00,2008-05-22 11:00:00,False
282,2008-05-31 09:00:00,645.0,2008-05-28 03:00:00,2008-06-04 18:00:00,2008-05-31 21:00:00,False
283,2008-06-07 17:00:00,519.0,2008-06-06 18:00:00,2008-06-09 06:00:00,2008-06-08 01:00:00,False
284,2008-06-17 03:00:00,760.0,2008-06-14 18:00:00,2008-06-22 05:00:00,2008-06-17 06:00:00,False
285,2008-06-27 02:00:00,648.0,2008-06-25 15:00:00,2008-06-30 19:00:00,2008-06-27 12:00:00,False
286,2008-07-14 07:00:00,708.0,2008-07-11 17:00:00,2008-07-18 00:00:00,2008-07-14 08:00:00,False
287,2008-07-23 21:00:00,652.0,2008-07-21 22:00:00,2008-07-26 05:00:00,2008-07-23 18:00:00,False
288,2008-08-09 18:00:00,658.0,2008-08-08 21:00:00,2008-08-14 17:00:00,2008-08-11 04:00:00,False
289,2008-08-18 17:00:00,636.0,2008-08-17 19:00:00,2008-08-21 07:00:00,2008-08-19 09:00:00,False
290,2008-09-07 06:00:00,632.0,2008-09-03 08:00:00,2008-09-11 10:00:00,2008-09-07 12:00:00,False
291,2008-09-15 21:00:00,587.0,2008-09-14 20:00:00,2008-09-18 08:00:00,2008-09-16 09:00:00,True
292,2008-10-02 22:00:00,715.0,2008-09-30 15:00:00,2008-10-06 22:00:00,2008-10-03 09:00:00,False
293,2008-10-12 05:00:00,550.0,2008-10-11 03:00:00,2008-10-14 23:00:00,2008-10-12 19:00:00,False
294,2008-10-29 16:00:00,711.0,2008-10-28 06:00:00,2008-11-02 17:00:00,2008-10-30 13:00:00,False
295,2008-11-08 21:00:00,575.0,2008-11-07 07:00:00,2008-11-11 07:00:00,2008-11-09 00:00:00,False
296,2008-11-16 13:00:00,525.0,2008-11-15 08:00:00,2008-11-18 12:00:00,2008-11-16 19:00:00,False
297,2008-11-26 22:00:00,658.0,2008-11-24 22:00:00,2008-11-29 23:00:00,2008-11-26 22:00:00,False
298,2008-12-07 09:00:00,571.0,2008-12-04 04:00:00,2008-12-09 12:00:00,2008-12-07 05:00:00,True
299,2008-12-23 13:00:00,558.0,2008-12-22 13:00:00,2008-12-27 02:00:00,2008-12-24 12:00:00,False
300,2009-01-03 15:00:00,548.0,2008-12-30 22:00:00,2009-01-06 06:00:00,2009-01-03 16:00:00,False
301,2009-01-19 22:00:00,481.0,2009-01-17 15:00:00,2009-01-22 11:00:00,2009-01-20 07:00:00,True
302,2009-02-01 00:00:00,496.0,2009-01-26 10:00:00,2009-02-03 09:00:00,2009-01-31 18:00:00,True
303,2009-02-15 10:00:00,587.0,2009-02-13 23:00:00,2009-02-17 17:00:00,2009-02-15 17:00:00,False
304,2009-02-27 20:00:00,688.0,2009-02-21 19:00:00,2009-03-02 09:00:00,2009-02-28 02:00:00,False
305,2009-03-14 02:00:00,566.0,2009-03-12 17:00:00,2009-03-17 00:00:00,2009-03-14 15:00:00,False
306,2009-03-25 14:00:00,496.0,2009-03-21 09:00:00,2009-03-31 14:00:00,2009-03-25 19:00:00,False
307,2009-04-11 19:00:00,560.0,2009-04-08 14:00:00,2009-04-14 02:00:00,2009-04-11 10:00:00,False
308,2009-04-18 14:00:00,536.0,2009-04-17 01:00:00,2009-04-22 18:00:00,2009-04-19 04:00:00,False
309,2009-05-08 05:00:00,520.0,2009-05-06 01:00:00,2009-05-11 18:00:00,2009-05-08 18:00:00,False
310,2009-06-29 16:00:00,562.0,2009-06-24 16:00:00,2009-07-03 00:00:00,2009-06-30 00:00:00,True
311,2009-07-14 03:00:00,540.0,2009-07-10 07:00:00,2009-07-16 17:00:00,2009-07-14 18:00:00,False
312,2009-07-24 05:00:00,575.0,2009-07-21 01:00:00,2009-07-29 01:00:00,2009-07-24 11:00:00,True
313,2009-08-08 06:00:00,515.0,2009-08-05 19:00:00,2009-08-09 22:00:00,2009-08-07 17:00:00,False
314,2009-08-20 23:00:00,559.0,2009-08-19 06:00:00,2009-08-25 03:00:00,2009-08-21 22:00:00,False
315,2009-08-30 20:00:00,471.0,2009-08-30 06:00:00,2009-09-01 16:00:00,2009-08-31 09:00:00,False
316,2009-09-04 19:00:00,493.0,2009-09-03 07:00:00,2009-09-06 16:00:00,2009-09-04 23:00:00,False
317,2009-09-16 15:00:00,473.0,2009-09-14 04:00:00,2009-09-23 07:00:00,2009-09-16 19:00:00,False
318,2009-10-25 07:00:00,465.0,2009-10-22 08:00:00,2009-11-02 09:00:00,2009-10-25 11:00:00,True
319,2009-11-21 19:00:00,556.0,2009-11-19 20:00:00,2009-11-27 15:00:00,2009-11-22 04:00:00,False
320,2009-12-24 07:00:00,441.0,2009-12-16 17:00:00,2009-12-28 22:00:00,2009-12-19 01:00:00,True
321,2010-01-14 05:00:00,514.0,2010-01-11 13:00:00,2010-01-16 14:00:00,2010-01-13 20:00:00,False
322,2010-01-20 21:00:00,515.0,2010-01-20 04:00:00,2010-01-23 12:00:00,2010-01-21 16:00:00,False
323,2010-02-03 02:00:00,562.0,2010-01-30 21:00:00,2010-02-05 13:00:00,2010-02-03 03:00:00,False
324,2010-02-19 17:00:00,501.0,2010-02-17 18:00:00,2010-02-22 00:00:00,2010-02-19 15:00:00,True
325,2010-03-04 18:00:00,475.0,2010-03-02 14:00:00,2010-03-06 18:00:00,2010-03-04 12:00:00,False
326,2010-03-12 02:00:00,558.0,2010-03-09 10:00:00,2010-03-16 12:00:00,2010-03-12 07:00:00,False
327,2010-03-17 10:00:00,500.0,2010-03-16 13:00:00,2010-03-19 07:00:00,2010-03-17 19:00:00,False
328,2010-04-05 14:00:00,814.0,2010-04-02 05:00:00,2010-04-10 16:00:00,2010-04-06 08:00:00,True
329,2010-04-15 14:00:00,514.0,2010-04-12 01:00:00,2010-04-17 00:00:00,2010-04-15 18:00:00,True
330,2010-04-23 22:00:00,459.0,2010-04-21 11:00:00,2010-04-25 05:00:00,2010-04-23 07:00:00,False
331,2010-05-03 14:00:00,718.0,2010-04-30 06:00:00,2010-05-09 05:00:00,2010-05-04 05:00:00,True
332,2010-05-12 22:00:00,495.0,2010-05-11 13:00:00,2010-05-13 22:00:00,2010-05-12 18:00:00,False
333,2010-05-19 22:00:00,508.0,2010-05-18 21:00:00,2010-05-22 19:00:00,2010-05-20 18:00:00,False
334,2010-05-31 16:00:00,616.0,2010-05-28 19:00:00,2010-06-07 17:00:00,2010-06-01 04:00:00,True
335,2010-06-16 22:00:00,571.0,2010-06-15 09:00:00,2010-06-19 16:00:00,2010-06-17 10:00:00,False
336,2010-06-30 06:00:00,698.0,2010-06-26 16:00:00,2010-07-05 22:00:00,2010-07-01 10:00:00,False
337,2010-07-15 04:00:00,463.0,2010-07-13 22:00:00,2010-07-17 19:00:00,2010-07-15 20:00:00,False
338,2010-07-28 17:00:00,689.0,2010-07-25 18:00:00,2010-08-03 12:00:00,2010-07-29 03:00:00,False
339,2010-08-03 21:00:00,598.0,2010-08-03 13:00:00,2010-08-05 22:00:00,2010-08-04 18:00:00,True
340,2010-08-24 16:00:00,705.0,2010-08-23 20:00:00,2010-08-30 08:00:00,2010-08-26 14:00:00,False
341,2010-09-07 17:00:00,496.0,2010-09-06 14:00:00,2010-09-11 06:00:00,2010-09-08 05:00:00,False
342,2010-09-17 12:00:00,493.0,2010-09-15 23:00:00,2010-09-19 02:00:00,2010-09-17 13:00:00,False
343,2010-09-25 06:00:00,629.0,2010-09-23 05:00:00,2010-09-30 23:00:00,2010-09-25 10:00:00,False
344,2010-10-24 23:00:00,675.0,2010-10-21 22:00:00,2010-10-28 21:00:00,2010-10-24 23:00:00,False
345,2010-11-15 23:00:00,639.0,2010-11-11 14:00:00,2010-11-20 23:00:00,2010-11-15 14:00:00,False
346,2010-11-23 03:00:00,493.0,2010-11-22 10:00:00,2010-11-25 14:00:00,2010-11-24 02:00:00,False
347,2010-12-14 13:00:00,660.0,2010-12-12 22:00:00,2010-12-18 16:00:00,2010-12-15 03:00:00,False
348,2011-01-08 12:00:00,662.0,2011-01-06 08:00:00,2011-01-21 11:00:00,2011-01-09 00:00:00,False
349,2011-02-05 06:00:00,647.0,2011-02-03 15:00:00,2011-02-09 01:00:00,2011-02-06 01:00:00,True
350,2011-02-18 12:00:00,678.0,2011-02-15 08:00:00,2011-02-21 18:00:00,2011-02-19 01:00:00,True
351,2011-03-02 05:00:00,688.0,2011-03-01 09:00:00,2011-03-08 06:00:00,2011-03-03 08:00:00,True
352,2011-03-14 13:00:00,599.0,2011-03-11 12:00:00,2011-03-16 06:00:00,2011-03-13 19:00:00,False
353,2011-03-23 16:00:00,517.0,2011-03-22 13:00:00,2011-03-26 10:00:00,2011-03-24 08:00:00,False
354,2011-04-02 13:00:00,655.0,2011-03-29 23:00:00,2011-04-09 03:00:00,2011-04-03 14:00:00,True
355,2011-04-12 19:00:00,599.0,2011-04-11 17:00:00,2011-04-14 19:00:00,2011-04-13 04:00:00,False
356,2011-04-20 13:00:00,555.0,2011-04-19 08:00:00,2011-04-26 17:00:00,2011-04-21 00:00:00,False
357,2011-05-02 18:00:00,705.0,2011-04-29 13:00:00,2011-05-05 06:00:00,2011-05-02 04:00:00,False
358,2011-05-17 08:00:00,598.0,2011-05-15 09:00:00,2011-05-19 04:00:00,2011-05-17 05:00:00,False
359,2011-05-29 10:00:00,754.0,2011-05-27 15:00:00,2011-06-02 18:00:00,2011-05-30 01:00:00,True
360,2011-06-14 17:00:00,555.0,2011-06-12 13:00:00,2011-06-17 15:00:00,2011-06-14 20:00:00,True
361,2011-06-23 04:00:00,665.0,2011-06-22 03:00:00,2011-06-27 02:00:00,2011-06-24 12:00:00,False
362,2011-07-12 13:00:00,710.0,2011-07-10 13:00:00,2011-07-14 23:00:00,2011-07-12 14:00:00,False
363,2011-07-21 04:00:00,733.0,2011-07-15 04:00:00,2011-07-27 07:00:00,2011-07-21 14:00:00,True
364,2011-08-01 00:00:00,687.0,2011-07-30 09:00:00,2011-08-02 23:00:00,2011-08-01 02:00:00,False
365,2011-08-09 10:00:00,632.0,2011-08-05 05:00:00,2011-08-11 10:00:00,2011-08-09 03:00:00,True
366,2011-08-16 07:00:00,564.0,2011-08-14 11:00:00,2011-08-17 21:00:00,2011-08-16 00:00:00,False
367,2011-08-24 02:00:00,569.0,2011-08-22 18:00:00,2011-08-26 13:00:00,2011-08-24 12:00:00,False
368,2011-09-12 16:00:00,652.0,2011-09-08 10:00:00,2011-09-19 00:00:00,2011-09-12 12:00:00,True
369,2011-09-27 01:00:00,688.0,2011-09-26 02:00:00,2011-10-03 07:00:00,2011-09-27 20:00:00,True
370,2011-10-15 13:00:00,480.0,2011-10-13 15:00:00,2011-10-20 08:00:00,2011-10-16 05:00:00,False
371,2011-10-25 18:00:00,534.0,2011-10-22 21:00:00,2011-10-28 04:00:00,2011-10-26 00:00:00,True
372,2011-11-12 08:00:00,461.0,2011-11-07 17:00:00,2011-11-19 09:00:00,2011-11-16 23:00:00,True
373,2011-11-28 22:00:00,517.0,2011-11-23 04:00:00,2011-12-05 17:00:00,2011-12-01 01:00:00,True
374,2011-12-12 21:00:00,491.0,2011-12-10 04:00:00,2011-12-15 11:00:00,2011-12-12 17:00:00,False
375,2012-01-13 06:00:00,536.0,2012-01-06 08:00:00,2012-01-18 18:00:00,2012-01-12 05:00:00,False
376,2012-01-24 16:00:00,702.0,2012-01-21 06:00:00,2012-01-29 15:00:00,2012-01-25 14:00:00,True
377,2012-02-08 00:00:00,503.0,2012-02-02 15:00:00,2012-02-10 23:00:00,2012-02-08 06:00:00,False
378,2012-02-20 06:00:00,558.0,2012-02-16 14:00:00,2012-03-04 02:00:00,2012-02-20 23:00:00,True
379,2012-03-09 12:00:00,741.0,2012-03-06 08:00:00,2012-03-11 07:00:00,2012-03-09 05:00:00,True
380,2012-03-15 19:00:00,789.0,2012-03-11 08:00:00,2012-03-20 20:00:00,2012-03-16 19:00:00,True
381,2012-04-13 10:00:00,643.0,2012-04-12 03:00:00,2012-04-16 07:00:00,2012-04-14 00:00:00,False
382,2012-04-25 19:00:00,723.0,2012-04-23 17:00:00,2012-04-28 20:00:00,2012-04-26 02:00:00,True
383,2012-05-10 04:00:00,639.0,2012-05-09 02:00:00,2012-05-14 15:00:00,2012-05-11 03:00:00,False
384,2012-05-23 07:00:00,639.0,2012-05-22 11:00:00,2012-05-26 00:00:00,2012-05-24 02:00:00,False
385,2012-06-06 10:00:00,733.0,2012-06-03 22:00:00,2012-06-10 16:00:00,2012-06-06 12:00:00,True
386,2012-06-19 01:00:00,556.0,2012-06-16 22:00:00,2012-06-19 22:00:00,2012-06-18 10:00:00,True
387,2012-07-01 12:00:00,687.0,2012-06-29 14:00:00,2012-07-06 21:00:00,2012-07-02 01:00:00,True
388,2012-07-11 10:00:00,527.0,2012-07-09 00:00:00,2012-07-12 08:00:00,2012-07-11 09:00:00,True
389,2012-07-15 00:00:00,665.0,2012-07-14 11:00:00,2012-07-18 22:00:00,2012-07-15 19:00:00,True
390,2012-07-24 10:00:00,570.0,2012-07-21 06:00:00,2012-07-25 12:00:00,2012-07-24 05:00:00,True
391,2012-08-02 22:00:00,493.0,2012-07-29 23:00:00,2012-08-05 00:00:00,2012-08-03 05:00:00,False
392,2012-08-16 05:00:00,508.0,2012-08-13 21:00:00,2012-08-17 05:00:00,2012-08-15 12:00:00,False
393,2012-08-20 00:00:00,583.0,2012-08-18 20:00:00,2012-08-21 19:00:00,2012-08-20 08:00:00,False
394,2012-08-27 06:00:00,696.0,2012-08-24 04:00:00,2012-08-30 13:00:00,2012-08-27 01:00:00,False
395,2012-09-05 05:00:00,544.0,2012-09-01 07:00:00,2012-09-08 00:00:00,2012-09-05 10:00:00,True
396,2012-09-20 14:00:00,578.0,2012-09-13 17:00:00,2012-09-23 15:00:00,2012-09-21 06:00:00,False
397,2012-10-13 19:00:00,579.0,2012-10-08 17:00:00,2012-10-17 07:00:00,2012-10-13 15:00:00,True
398,2012-10-18 11:00:00,600.0,2012-10-17 08:00:00,2012-10-19 14:00:00,2012-10-18 13:00:00,False
399,2012-11-07 22:00:00,503.0,2012-11-06 16:00:00,2012-11-09 21:00:00,2012-11-08 04:00:00,True
400,2012-11-15 02:00:00,482.0,2012-11-13 08:00:00,2012-11-21 22:00:00,2012-11-15 18:00:00,True
401,2012-11-26 07:00:00,534.0,2012-11-21 23:00:00,2012-11-29 14:00:00,2012-11-26 15:00:00,True
402,2012-12-20 19:00:00,514.0,2012-12-14 07:00:00,2012-12-23 00:00:00,2012-12-19 07:00:00,True
403,2013-01-14 04:00:00,553.0,2013-01-12 09:00:00,2013-01-21 11:00:00,2013-01-14 17:00:00,True
404,2013-01-26 22:00:00,530.0,2013-01-25 16:00:00,2013-01-29 11:00:00,2013-01-27 05:00:00,False
405,2013-02-02 16:00:00,481.0,2013-02-01 13:00:00,2013-02-05 00:00:00,2013-02-03 03:00:00,False
406,2013-02-08 18:00:00,458.0,2013-02-07 13:00:00,2013-02-11 07:00:00,2013-02-09 03:00:00,False
407,2013-03-02 02:00:00,639.0,2013-02-28 14:00:00,2013-03-05 02:00:00,2013-03-02 11:00:00,False
408,2013-03-17 12:00:00,721.0,2013-03-15 03:00:00,2013-03-25 05:00:00,2013-03-17 23:00:00,True
409,2013-03-30 02:00:00,567.0,2013-03-27 20:00:00,2013-04-01 09:00:00,2013-03-30 14:00:00,False
410,2013-04-14 09:00:00,516.0,2013-04-09 17:00:00,2013-04-17 01:00:00,2013-04-13 23:00:00,True
411,2013-04-26 17:00:00,588.0,2013-04-25 06:00:00,2013-04-28 15:00:00,2013-04-26 18:00:00,False
412,2013-05-07 18:00:00,548.0,2013-05-05 15:00:00,2013-05-10 23:00:00,2013-05-08 00:00:00,False
413,2013-05-28 04:00:00,775.0,2013-05-22 10:00:00,2013-05-30 19:00:00,2013-05-27 14:00:00,True
414,2013-06-02 13:00:00,774.0,2013-06-01 07:00:00,2013-06-05 13:00:00,2013-06-03 01:00:00,False
415,2013-06-23 05:00:00,698.0,2013-06-20 21:00:00,2013-06-27 08:00:00,2013-06-23 07:00:00,False
416,2013-06-30 17:00:00,560.0,2013-06-28 02:00:00,2013-07-02 08:00:00,2013-06-30 23:00:00,True
417,2013-07-12 23:00:00,509.0,2013-07-10 09:00:00,2013-07-15 00:00:00,2013-07-12 10:00:00,True
418,2013-07-19 14:00:00,631.0,2013-07-17 23:00:00,2013-07-22 00:00:00,2013-07-19 20:00:00,False
419,2013-07-26 08:00:00,572.0,2013-07-25 12:00:00,2013-07-29 15:00:00,2013-07-27 01:00:00,False
420,2013-08-05 09:00:00,564.0,2013-08-04 16:00:00,2013-08-07 18:00:00,2013-08-05 23:00:00,False
421,2013-08-17 05:00:00,782.0,2013-08-14 04:00:00,2013-08-21 14:00:00,2013-08-17 00:00:00,True
422,2013-08-22 21:00:00,568.0,2013-08-21 15:00:00,2013-08-25 03:00:00,2013-08-23 00:00:00,True
423,2013-09-01 11:00:00,552.0,2013-08-30 23:00:00,2013-09-06 03:00:00,2013-09-01 15:00:00,False
424,2013-09-14 04:00:00,574.0,2013-09-12 13:00:00,2013-09-15 15:00:00,2013-09-14 02:00:00,False
425,2013-09-18 23:00:00,558.0,2013-09-17 19:00:00,2013-09-22 03:00:00,2013-09-19 17:00:00,False
426,2013-10-02 04:00:00,625.0,2013-10-01 14:00:00,2013-10-04 19:00:00,2013-10-02 23:00:00,True
427,2013-10-09 03:00:00,639.0,2013-10-08 18:00:00,2013-10-11 11:00:00,2013-10-09 22:00:00,True
428,2013-10-15 18:00:00,547.0,2013-10-11 12:00:00,2013-10-18 21:00:00,2013-10-16 00:00:00,False
429,2013-11-09 16:00:00,612.0,2013-11-07 18:00:00,2013-11-13 23:00:00,2013-11-10 12:00:00,True
430,2013-11-17 00:00:00,536.0,2013-11-15 22:00:00,2013-11-19 03:00:00,2013-11-17 08:00:00,False
431,2013-12-01 03:00:00,549.0,2013-11-30 09:00:00,2013-12-03 22:00:00,2013-12-01 18:00:00,True
432,2013-12-08 14:00:00,639.0,2013-12-06 22:00:00,2013-12-11 09:00:00,2013-12-08 23:00:00,False
433,2013-12-15 00:00:00,599.0,2013-12-14 01:00:00,2013-12-18 07:00:00,2013-12-15 16:00:00,True
434,2014-01-02 22:00:00,626.0,2014-01-01 02:00:00,2014-01-05 17:00:00,2014-01-03 02:00:00,False
435,2014-01-13 07:00:00,878.0,2014-01-11 01:00:00,2014-01-16 14:00:00,2014-01-13 18:00:00,False
436,2014-01-22 08:00:00,591.0,2014-01-21 12:00:00,2014-01-24 13:00:00,2014-01-22 19:00:00,False
437,2014-01-29 13:00:00,494.0,2014-01-28 09:00:00,2014-01-30 22:00:00,2014-01-29 15:00:00,False
438,2014-02-10 23:00:00,561.0,2014-02-06 03:00:00,2014-02-13 10:00:00,2014-02-10 21:00:00,True
439,2014-02-20 04:00:00,688.0,2014-02-16 05:00:00,2014-02-26 03:00:00,2014-02-20 16:00:00,True
440,2014-03-06 07:00:00,485.0,2014-03-04 17:00:00,2014-03-08 05:00:00,2014-03-06 11:00:00,False
441,2014-03-14 02:00:00,498.0,2014-03-13 02:00:00,2014-03-16 17:00:00,2014-03-14 17:00:00,False
442,2014-03-23 04:00:00,525.0,2014-03-21 21:00:00,2014-04-11 02:00:00,2014-03-23 15:00:00,True
443,2014-04-20 12:00:00,675.0,2014-04-18 00:00:00,2014-04-25 12:00:00,2014-04-20 23:00:00,True
444,2014-05-12 05:00:00,450.0,2014-05-08 18:00:00,2014-05-13 23:00:00,2014-05-12 01:00:00,False
445,2014-05-23 16:00:00,511.0,2014-05-22 08:00:00,2014-05-26 15:00:00,2014-05-24 08:00:00,False
446,2014-06-08 22:00:00,618.0,2014-06-06 22:00:00,2014-06-14 12:00:00,2014-06-09 07:00:00,True
447,2014-06-18 00:00:00,468.0,2014-06-17 16:00:00,2014-06-22 09:00:00,2014-06-20 01:00:00,False
448,2014-07-15 18:00:00,488.0,2014-07-09 06:00:00,2014-07-18 12:00:00,2014-07-16 02:00:00,False
449,2014-08-06 03:00:00,482.0,2014-08-01 06:00:00,2014-08-10 20:00:00,2014-08-05 17:00:00,False
450,2014-08-12 04:00:00,503.0,2014-08-10 21:00:00,2014-08-14 08:00:00,2014-08-12 13:00:00,False
451,2014-08-31 20:00:00,463.0,2014-08-29 16:00:00,2014-09-04 18:00:00,2014-08-31 23:00:00,False
452,2014-09-13 04:00:00,729.0,2014-09-11 13:00:00,2014-09-16 10:00:00,2014-09-13 12:00:00,True
453,2014-09-21 04:00:00,573.0,2014-09-17 02:00:00,2014-09-23 10:00:00,2014-09-21 01:00:00,True
454,2014-10-21 12:00:00,653.0,2014-10-17 13:00:00,2014-10-24 04:00:00,2014-10-21 12:00:00,False
455,2014-11-16 06:00:00,641.0,2014-10-31 15:00:00,2014-11-19 10:00:00,2014-11-16 00:00:00,True
456,2014-12-07 19:00:00,766.0,2014-11-30 23:00:00,2014-12-16 14:00:00,2014-12-08 01:00:00,False
457,2014-12-30 04:00:00,702.0,2014-12-28 02:00:00,2015-01-02 22:00:00,2014-12-30 14:00:00,True
458,2015-01-05 21:00:00,530.0,2015-01-03 14:00:00,2015-01-09 18:00:00,2015-01-06 09:00:00,True
459,2015-01-22 16:00:00,488.0,2015-01-21 16:00:00,2015-01-24 09:00:00,2015-01-22 20:00:00,False
460,2015-02-02 05:00:00,695.0,2015-01-31 02:00:00,2015-02-05 15:00:00,2015-02-02 17:00:00,False
461,2015-02-18 12:00:00,461.0,2015-02-17 01:00:00,2015-02-20 08:00:00,2015-02-18 15:00:00,False
462,2015-02-24 05:00:00,492.0,2015-02-23 19:00:00,2015-02-26 13:00:00,2015-02-25 03:00:00,False
463,2015-03-02 13:00:00,643.0,2015-02-28 12:00:00,2015-03-06 13:00:00,2015-03-02 15:00:00,False
464,2015-03-08 15:00:00,576.0,2015-03-06 14:00:00,2015-03-09 03:00:00,2015-03-07 23:00:00,False
465,2015-03-22 09:00:00,706.0,2015-03-16 14:00:00,2015-03-27 04:00:00,2015-03-22 00:00:00,True
466,2015-04-05 22:00:00,575.0,2015-03-31 18:00:00,2015-04-07 08:00:00,2015-04-04 19:00:00,True
467,2015-04-17 05:00:00,723.0,2015-04-15 06:00:00,2015-04-20 20:00:00,2015-04-17 06:00:00,False
468,2015-04-21 14:00:00,583.0,2015-04-20 21:00:00,2015-04-23 02:00:00,2015-04-22 00:00:00,False
469,2015-05-06 06:00:00,479.0,2015-05-05 05:00:00,2015-05-09 04:00:00,2015-05-06 22:00:00,True
470,2015-05-14 00:00:00,731.0,2015-05-10 12:00:00,2015-05-17 04:00:00,2015-05-14 08:00:00,True
471,2015-05-19 15:00:00,536.0,2015-05-18 17:00:00,2015-05-21 01:00:00,2015-05-19 21:00:00,True
472,2015-06-08 12:00:00,661.0,2015-06-07 20:00:00,2015-06-18 07:00:00,2015-06-10 03:00:00,False
473,2015-06-27 05:00:00,800.0,2015-06-22 06:00:00,2015-06-29 01:00:00,2015-06-24 15:00:00,True
474,2015-07-04 21:00:00,575.0,2015-07-04 19:00:00,2015-07-08 01:00:00,2015-07-06 06:00:00,False
475,2015-07-13 02:00:00,642.0,2015-07-10 15:00:00,2015-07-17 05:00:00,2015-07-12 14:00:00,True
476,2015-07-27 07:00:00,499.0,2015-07-23 16:00:00,2015-07-28 22:00:00,2015-07-27 12:00:00,False
477,2015-08-02 09:00:00,613.0,2015-07-30 12:00:00,2015-08-06 08:00:00,2015-08-02 02:00:00,False
478,2015-08-06 16:00:00,568.0,2015-08-06 09:00:00,2015-08-10 20:00:00,2015-08-08 10:00:00,True
479,2015-08-23 18:00:00,582.0,2015-08-15 11:00:00,2015-08-25 02:00:00,2015-08-17 10:00:00,True
480,2015-08-29 22:00:00,477.0,2015-08-26 08:00:00,2015-08-31 10:00:00,2015-08-30 00:00:00,True
481,2015-09-07 17:00:00,602.0,2015-09-05 16:00:00,2015-09-09 15:00:00,2015-09-07 16:00:00,True
482,2015-09-11 12:00:00,641.0,2015-09-10 17:00:00,2015-09-16 16:00:00,2015-09-12 04:00:00,True
483,2015-09-22 08:00:00,639.0,2015-09-19 03:00:00,2015-09-26 08:00:00,2015-09-22 03:00:00,True
484,2015-10-07 21:00:00,775.0,2015-10-04 17:00:00,2015-10-15 21:00:00,2015-10-09 00:00:00,False
485,2015-10-24 22:00:00,498.0,2015-10-21 18:00:00,2015-10-27 04:00:00,2015-10-24 21:00:00,True
486,2015-11-04 04:00:00,731.0,2015-11-03 20:00:00,2015-11-06 05:00:00,2015-11-04 17:00:00,True
487,2015-11-10 16:00:00,720.0,2015-11-06 06:00:00,2015-11-14 09:00:00,2015-11-10 23:00:00,True
488,2015-12-01 14:00:00,578.0,2015-11-29 20:00:00,2015-12-02 22:00:00,2015-12-01 05:00:00,False
489,2015-12-11 22:00:00,663.0,2015-12-05 01:00:00,2015-12-23 07:00:00,2015-12-11 14:00:00,True
490,2015-12-26 21:00:00,598.0,2015-12-23 08:00:00,2015-12-28 12:00:00,2015-12-26 13:00:00,False
491,2016-01-06 12:00:00,618.0,2016-01-04 22:00:00,2016-01-11 06:00:00,2016-01-07 06:00:00,False
492,2016-01-12 08:00:00,606.0,2016-01-11 07:00:00,2016-01-14 07:00:00,2016-01-12 20:00:00,False
493,2016-01-23 08:00:00,568.0,2016-01-19 10:00:00,2016-01-26 18:00:00,2016-01-22 23:00:00,True
494,2016-02-05 10:00:00,484.0,2016-02-03 21:00:00,2016-02-09 12:00:00,2016-02-05 18:00:00,False
495,2016-02-18 03:00:00,649.0,2016-02-15 11:00:00,2016-02-20 20:00:00,2016-02-18 06:00:00,False
496,2016-03-07 12:00:00,590.0,2016-03-05 19:00:00,2016-03-09 06:00:00,2016-03-07 18:00:00,True
497,2016-03-17 07:00:00,575.0,2016-03-11 11:00:00,2016-03-21 04:00:00,2016-03-16 19:00:00,True
498,2016-03-25 06:00:00,555.0,2016-03-23 15:00:00,2016-03-26 03:00:00,2016-03-24 22:00:00,False
499,2016-03-30 02:00:00,555.0,2016-03-28 00:00:00,2016-03-31 14:00:00,2016-03-29 20:00:00,False
500,2016-04-13 06:00:00,617.0,2016-04-12 01:00:00,2016-04-15 22:00:00,2016-04-13 16:00:00,True
501,2016-04-22 20:00:00,587.0,2016-04-21 23:00:00,2016-04-28 01:00:00,2016-04-24 23:00:00,False
502,2016-05-03 04:00:00,573.0,2016-05-01 23:00:00,2016-05-04 17:00:00,2016-05-03 07:00:00,False
503,2016-05-09 19:00:00,682.0,2016-05-06 19:00:00,2016-05-12 05:00:00,2016-05-09 16:00:00,False
504,2016-05-17 10:00:00,534.0,2016-05-16 11:00:00,2016-05-18 21:00:00,2016-05-17 13:00:00,False
505,2016-05-22 06:00:00,623.0,2016-05-18 22:00:00,2016-05-24 15:00:00,2016-05-22 11:00:00,False
506,2016-05-30 06:00:00,549.0,2016-05-27 13:00:00,2016-06-01 15:00:00,2016-05-30 08:00:00,False
507,2016-06-06 04:00:00,625.0,2016-06-05 13:00:00,2016-06-08 13:00:00,2016-06-06 20:00:00,False
508,2016-06-15 05:00:00,678.0,2016-06-11 16:00:00,2016-06-20 18:00:00,2016-06-18 01:00:00,False
509,2016-06-24 18:00:00,528.0,2016-06-23 13:00:00,2016-06-28 18:00:00,2016-06-25 13:00:00,False
510,2016-07-03 13:00:00,466.0,2016-07-02 08:00:00,2016-07-05 02:00:00,2016-07-03 20:00:00,False
511,2016-07-09 17:00:00,638.0,2016-07-08 20:00:00,2016-07-10 23:00:00,2016-07-09 18:00:00,False
512,2016-07-15 03:00:00,679.0,2016-07-11 00:00:00,2016-07-17 19:00:00,2016-07-15 08:00:00,False
513,2016-07-20 07:00:00,569.0,2016-07-19 21:00:00,2016-07-22 15:00:00,2016-07-21 00:00:00,True
514,2016-07-29 09:00:00,624.0,2016-07-25 22:00:00,2016-07-31 07:00:00,2016-07-29 18:00:00,True
515,2016-08-05 21:00:00,675.0,2016-08-02 14:00:00,2016-08-09 09:00:00,2016-08-05 21:00:00,True
516,2016-08-10 09:00:00,662.0,2016-08-09 10:00:00,2016-08-12 05:00:00,2016-08-10 21:00:00,False
517,2016-08-24 02:00:00,584.0,2016-08-23 07:00:00,2016-08-27 09:00:00,2016-08-25 05:00:00,False
518,2016-09-04 07:00:00,708.0,2016-08-31 09:00:00,2016-09-08 23:00:00,2016-09-03 21:00:00,False
519,2016-09-20 11:00:00,727.0,2016-09-19 12:00:00,2016-09-22 21:00:00,2016-09-21 00:00:00,False
520,2016-09-29 06:00:00,705.0,2016-09-26 21:00:00,2016-10-05 21:00:00,2016-09-29 11:00:00,False
521,2016-10-17 19:00:00,735.0,2016-10-13 06:00:00,2016-10-20 07:00:00,2016-10-17 13:00:00,True
522,2016-10-25 23:00:00,735.0,2016-10-24 19:00:00,2016-11-01 10:00:00,2016-10-26 21:00:00,False
523,2016-11-13 08:00:00,735.0,2016-11-10 00:00:00,2016-11-16 17:00:00,2016-11-13 15:00:00,True
524,2016-11-26 09:00:00,668.0,2016-11-23 12:00:00,2016-11-29 06:00:00,2016-11-26 09:00:00,False
525,2016-12-09 06:00:00,710.0,2016-12-08 01:00:00,2016-12-14 04:00:00,2016-12-10 06:00:00,False
526,2016-12-23 07:00:00,745.0,2016-12-21 08:00:00,2016-12-28 09:00:00,2016-12-23 20:00:00,False
527,2017-01-06 04:00:00,744.0,2017-01-03 22:00:00,2017-01-11 19:00:00,2017-01-07 11:00:00,False
528,2017-01-19 09:00:00,611.0,2017-01-18 07:00:00,2017-01-23 09:00:00,2017-01-20 01:00:00,False
529,2017-01-27 06:00:00,636.0,2017-01-27 01:00:00,2017-01-28 22:00:00,2017-01-27 21:00:00,False
530,2017-01-31 20:00:00,753.0,2017-01-28 23:00:00,2017-02-08 13:00:00,2017-02-01 23:00:00,False
531,2017-02-19 04:00:00,586.0,2017-02-17 17:00:00,2017-02-20 23:00:00,2017-02-19 07:00:00,False
532,2017-02-24 08:00:00,649.0,2017-02-22 20:00:00,2017-02-26 06:00:00,2017-02-24 14:00:00,False
533,2017-03-02 13:00:00,714.0,2017-02-28 20:00:00,2017-03-10 12:00:00,2017-03-03 13:00:00,False
534,2017-03-22 15:00:00,687.0,2017-03-21 18:00:00,2017-03-24 23:00:00,2017-03-23 03:00:00,False
535,2017-03-28 08:00:00,708.0,2017-03-25 00:00:00,2017-04-03 07:00:00,2017-03-29 14:00:00,False
536,2017-04-08 16:00:00,605.0,2017-04-06 19:00:00,2017-04-10 12:00:00,2017-04-08 21:00:00,True
537,2017-04-23 18:00:00,761.0,2017-04-19 17:00:00,2017-04-27 19:00:00,2017-04-23 12:00:00,False
538,2017-05-16 03:00:00,608.0,2017-05-15 23:00:00,2017-05-17 17:00:00,2017-05-16 18:00:00,False
539,2017-05-20 10:00:00,733.0,2017-05-17 18:00:00,2017-05-24 10:00:00,2017-05-21 04:00:00,False
540,2017-05-30 20:00:00,539.0,2017-05-27 22:00:00,2017-06-05 18:00:00,2017-05-30 17:00:00,True
541,2017-06-16 19:00:00,623.0,2017-06-12 06:00:00,2017-06-20 08:00:00,2017-06-18 05:00:00,False
542,2017-06-26 13:00:00,557.0,2017-06-24 15:00:00,2017-06-29 15:00:00,2017-06-26 18:00:00,False
543,2017-07-02 16:00:00,514.0,2017-07-01 14:00:00,2017-07-03 21:00:00,2017-07-02 19:00:00,False
544,2017-07-11 07:00:00,646.0,2017-07-09 05:00:00,2017-07-13 03:00:00,2017-07-11 02:00:00,False
545,2017-07-18 11:00:00,606.0,2017-07-16 15:00:00,2017-07-19 02:00:00,2017-07-18 00:00:00,True
546,2017-07-21 12:00:00,715.0,2017-07-19 03:00:00,2017-07-27 23:00:00,2017-07-24 12:00:00,False
547,2017-08-04 15:00:00,711.0,2017-08-04 00:00:00,2017-08-07 21:00:00,2017-08-05 17:00:00,False
548,2017-08-13 20:00:00,602.0,2017-08-11 18:00:00,2017-08-14 20:00:00,2017-08-13 06:00:00,False
549,2017-08-20 02:00:00,752.0,2017-08-16 22:00:00,2017-08-23 21:00:00,2017-08-20 03:00:00,True
550,2017-09-01 11:00:00,638.0,2017-08-31 20:00:00,2017-09-03 13:00:00,2017-09-01 23:00:00,False
551,2017-09-08 08:00:00,817.0,2017-09-07 03:00:00,2017-09-11 20:00:00,2017-09-08 17:00:00,True
552,2017-09-16 16:00:00,715.0,2017-09-11 21:00:00,2017-09-20 17:00:00,2017-09-16 18:00:00,False
553,2017-09-28 10:00:00,697.0,2017-09-27 04:00:00,2017-10-01 21:00:00,2017-09-28 22:00:00,False
554,2017-10-14 05:00:00,713.0,2017-10-11 22:00:00,2017-10-17 14:00:00,2017-10-14 14:00:00,False
555,2017-10-25 12:00:00,614.0,2017-10-24 07:00:00,2017-10-27 13:00:00,2017-10-25 21:00:00,False
556,2017-11-10 14:00:00,686.0,2017-11-07 00:00:00,2017-11-13 12:00:00,2017-11-10 04:00:00,False
557,2017-11-16 03:00:00,504.0,2017-11-15 08:00:00,2017-11-18 00:00:00,2017-11-16 16:00:00,False
558,2017-11-21 16:00:00,611.0,2017-11-20 15:00:00,2017-11-23 14:00:00,2017-11-22 00:00:00,False
559,2017-12-01 02:00:00,495.0,2017-11-27 22:00:00,2017-12-02 14:00:00,2017-11-30 21:00:00,False
560,2017-12-06 04:00:00,622.0,2017-12-04 23:00:00,2017-12-08 17:00:00,2017-12-06 14:00:00,False
561,2017-12-12 08:00:00,517.0,2017-12-11 11:00:00,2017-12-14 12:00:00,2017-12-12 21:00:00,False
562,2017-12-17 16:00:00,643.0,2017-12-16 21:00:00,2017-12-20 17:00:00,2017-12-18 15:00:00,False
563,2017-12-24 16:00:00,566.0,2017-12-23 21:00:00,2017-12-28 08:00:00,2017-12-25 13:00:00,True
564,2018-01-01 16:00:00,472.0,2017-12-31 14:00:00,2018-01-03 09:00:00,2018-01-01 23:00:00,False
565,2018-01-09 04:00:00,542.0,2018-01-08 15:00:00,2018-01-11 05:00:00,2018-01-09 18:00:00,False
566,2018-01-14 00:00:00,584.0,2018-01-12 22:00:00,2018-01-17 00:00:00,2018-01-14 22:00:00,False
567,2018-01-22 10:00:00,540.0,2018-01-20 08:00:00,2018-01-27 23:00:00,2018-01-22 09:00:00,False
568,2018-02-06 18:00:00,439.0,2018-02-04 19:00:00,2018-02-08 15:00:00,2018-02-06 14:00:00,False
569,2018-02-19 04:00:00,619.0,2018-02-16 14:00:00,2018-02-22 13:00:00,2018-02-18 23:00:00,False
570,2018-02-23 10:00:00,547.0,2018-02-22 14:00:00,2018-02-25 04:00:00,2018-02-23 20:00:00,False
571,2018-03-19 04:00:00,599.0,2018-03-15 09:00:00,2018-03-20 18:00:00,2018-03-18 16:00:00,False
572,2018-03-27 08:00:00,541.0,2018-03-23 13:00:00,2018-03-28 15:00:00,2018-03-26 16:00:00,False
573,2018-04-10 16:00:00,587.0,2018-04-09 05:00:00,2018-04-14 01:00:00,2018-04-11 09:00:00,False
574,2018-04-21 00:00:00,629.0,2018-04-20 03:00:00,2018-04-23 13:00:00,2018-04-21 14:00:00,False
575,2018-05-06 12:00:00,669.0,2018-05-05 08:00:00,2018-05-12 16:00:00,2018-05-08 01:00:00,False
576,2018-05-18 16:00:00,448.0,2018-05-17 03:00:00,2018-05-20 00:00:00,2018-05-18 12:00:00,False
577,2018-05-23 18:00:00,520.0,2018-05-22 22:00:00,2018-05-25 17:00:00,2018-05-24 05:00:00,False
578,2018-06-03 17:00:00,707.0,2018-05-31 07:00:00,2018-06-06 04:00:00,2018-06-02 21:00:00,False
579,2018-06-18 14:00:00,526.0,2018-06-18 08:00:00,2018-06-21 03:00:00,2018-06-19 13:00:00,False
580,2018-06-27 00:00:00,626.0,2018-06-23 05:00:00,2018-07-02 10:00:00,2018-06-27 13:00:00,True
581,2018-07-07 04:00:00,494.0,2018-07-05 18:00:00,2018-07-09 11:00:00,2018-07-07 11:00:00,False
582,2018-07-14 02:00:00,491.0,2018-07-10 12:00:00,2018-07-15 06:00:00,2018-07-13 18:00:00,True
583,2018-07-24 15:00:00,587.0,2018-07-19 23:00:00,2018-07-27 12:00:00,2018-07-25 04:00:00,False
584,2018-08-20 23:00:00,662.0,2018-08-15 13:00:00,2018-08-23 14:00:00,2018-08-20 23:00:00,False
585,2018-08-27 17:00:00,619.0,2018-08-25 12:00:00,2018-08-30 06:00:00,2018-08-28 04:00:00,True
586,2018-09-14 23:00:00,688.0,2018-09-10 15:00:00,2018-09-19 08:00:00,2018-09-14 14:00:00,False
587,2018-09-22 18:00:00,559.0,2018-09-22 04:00:00,2018-09-28 03:00:00,2018-09-23 16:00:00,True
588,2018-10-09 12:00:00,614.0,2018-10-07 04:00:00,2018-10-12 16:00:00,2018-10-09 08:00:00,False
589,2018-10-15 14:00:00,616.0,2018-10-14 01:00:00,2018-10-17 00:00:00,2018-10-15 13:00:00,False
590,2018-11-05 06:00:00,611.0,2018-11-05 03:00:00,2018-11-07 01:00:00,2018-11-05 23:00:00,False
591,2018-11-12 05:00:00,637.0,2018-11-07 02:00:00,2018-11-14 16:00:00,2018-11-11 22:00:00,False
592,2018-12-10 01:00:00,661.0,2018-12-02 16:00:00,2018-12-13 04:00:00,2018-12-10 01:00:00,False
593,2018-12-20 09:00:00,638.0,2018-12-18 03:00:00,2018-12-22 08:00:00,2018-12-20 08:00:00,False
594,2018-12-28 21:00:00,604.0,2018-12-27 17:00:00,2019-01-01 14:00:00,2018-12-29 20:00:00,False
595,2019-01-06 17:00:00,554.0,2019-01-04 20:00:00,2019-01-11 20:00:00,2019-01-06 18:00:00,False
596,2019-01-17 18:00:00,503.0,2019-01-16 03:00:00,2019-01-19 19:00:00,2019-01-18 02:00:00,False
597,2019-01-24 16:00:00,634.0,2019-01-23 09:00:00,2019-01-27 18:00:00,2019-01-25 06:00:00,False
598,2019-02-01 10:00:00,627.0,2019-01-31 16:00:00,2019-02-04 23:00:00,2019-02-02 15:00:00,False
599,2019-02-09 05:00:00,477.0,2019-02-07 10:00:00,2019-02-10 19:00:00,2019-02-09 07:00:00,False
600,2019-02-14 12:00:00,524.0,2019-02-13 00:00:00,2019-02-15 18:00:00,2019-02-14 10:00:00,False
601,2019-02-22 02:00:00,492.0,2019-02-20 19:00:00,2019-02-23 17:00:00,2019-02-22 05:00:00,False
602,2019-03-01 20:00:00,595.0,2019-02-27 13:00:00,2019-03-04 16:00:00,2019-03-01 16:00:00,False
603,2019-03-16 14:00:00,443.0,2019-03-15 04:00:00,2019-03-20 21:00:00,2019-03-16 19:00:00,False
604,2019-03-28 23:00:00,525.0,2019-03-28 04:00:00,2019-03-30 21:00:00,2019-03-29 08:00:00,False
605,2019-04-06 02:00:00,527.0,2019-03-30 22:00:00,2019-04-14 04:00:00,2019-04-05 17:00:00,False
606,2019-05-02 08:00:00,569.0,2019-05-01 03:00:00,2019-05-06 13:00:00,2019-05-03 00:00:00,False
607,2019-05-14 08:00:00,556.0,2019-05-11 06:00:00,2019-05-20 05:00:00,2019-05-15 09:00:00,True
608,2019-05-29 20:00:00,562.0,2019-05-27 04:00:00,2019-06-01 06:00:00,2019-05-30 04:00:00,True
609,2019-06-13 22:00:00,477.0,2019-06-12 16:00:00,2019-06-16 08:00:00,2019-06-14 09:00:00,False
610,2019-07-10 09:00:00,646.0,2019-07-09 00:00:00,2019-07-16 10:00:00,2019-07-10 22:00:00,False
611,2019-08-01 06:00:00,553.0,2019-07-31 01:00:00,2019-08-02 19:00:00,2019-08-01 09:00:00,False
612,2019-08-06 01:00:00,722.0,2019-08-04 14:00:00,2019-08-15 06:00:00,2019-08-06 12:00:00,False
613,2019-09-01 02:00:00,752.0,2019-08-29 22:00:00,2019-09-11 15:00:00,2019-09-01 20:00:00,False
614,2019-09-28 00:00:00,695.0,2019-09-26 15:00:00,2019-10-03 14:00:00,2019-09-28 17:00:00,False
615,2019-10-10 21:00:00,516.0,2019-10-09 08:00:00,2019-10-12 11:00:00,2019-10-11 01:00:00,False
616,2019-10-25 16:00:00,650.0,2019-10-24 05:00:00,2019-10-29 13:00:00,2019-10-26 14:00:00,False
617,2019-11-22 02:00:00,597.0,2019-11-20 15:00:00,2019-11-26 22:00:00,2019-11-22 17:00:00,False
618,2019-12-11 08:00:00,450.0,2019-12-10 04:00:00,2019-12-13 00:00:00,2019-12-11 11:00:00,False
619,2019-12-18 21:00:00,540.0,2019-12-16 23:00:00,2019-12-21 21:00:00,2019-12-19 12:00:00,False
620,2020-01-10 02:00:00,547.0,2020-01-04 00:00:00,2020-01-13 08:00:00,2020-01-10 09:00:00,True
621,2020-01-31 16:00:00,517.0,2020-01-29 20:00:00,2020-02-02 22:00:00,2020-01-31 18:00:00,False
622,2020-02-07 03:00:00,639.0,2020-02-05 10:00:00,2020-02-11 14:00:00,2020-02-07 16:00:00,False
623,2020-02-22 13:00:00,503.0,2020-02-18 14:00:00,2020-02-24 22:00:00,2020-02-22 07:00:00,False
624,2020-02-29 21:00:00,556.0,2020-02-28 09:00:00,2020-03-04 11:00:00,2020-03-01 06:00:00,False
625,2020-03-21 10:00:00,532.0,2020-03-18 12:00:00,2020-03-25 04:00:00,2020-03-23 00:00:00,False
626,2020-03-31 15:00:00,531.0,2020-03-25 05:00:00,2020-04-05 23:00:00,2020-03-31 18:00:00,False
627,2020-04-08 19:00:00,484.0,2020-04-08 06:00:00,2020-04-16 07:00:00,2020-04-13 00:00:00,False
628,2020-04-22 02:00:00,490.0,2020-04-20 09:00:00,2020-04-29 05:00:00,2020-04-22 18:00:00,True
629,2020-06-10 14:00:00,482.0,2020-06-07 03:00:00,2020-06-12 19:00:00,2020-06-10 02:00:00,False
630,2020-07-06 03:00:00,516.0,2020-07-04 09:00:00,2020-07-08 16:00:00,2020-07-06 08:00:00,False
631,2020-07-16 04:00:00,426.0,2020-07-14 03:00:00,2020-07-19 18:00:00,2020-07-16 18:00:00,False
632,2020-08-04 03:00:00,701.0,2020-08-02 03:00:00,2020-08-07 19:00:00,2020-08-04 06:00:00,False
633,2020-09-01 15:00:00,636.0,2020-08-26 11:00:00,2020-09-05 13:00:00,2020-09-01 07:00:00,False
634,2020-09-29 09:00:00,669.0,2020-09-24 03:00:00,2020-10-03 15:00:00,2020-09-29 11:00:00,False
635,2020-10-26 22:00:00,619.0,2020-10-22 19:00:00,2020-10-31 11:00:00,2020-10-26 04:00:00,False
636,2020-11-06 09:00:00,502.0,2020-11-05 18:00:00,2020-11-09 15:00:00,2020-11-07 13:00:00,False
637,2020-11-22 18:00:00,635.0,2020-11-21 00:00:00,2020-12-02 20:00:00,2020-11-23 02:00:00,False
638,2020-12-10 03:00:00,566.0,2020-12-08 21:00:00,2020-12-13 06:00:00,2020-12-11 01:00:00,True
639,2020-12-23 09:00:00,634.0,2020-12-21 00:00:00,2020-12-31 21:00:00,2020-12-23 18:00:00,False
640,2021-01-06 13:00:00,610.0,2021-01-05 06:00:00,2021-01-08 18:00:00,2021-01-06 20:00:00,False
641,2021-01-12 01:00:00,482.0,2021-01-11 08:00:00,2021-01-14 10:00:00,2021-01-12 19:00:00,False
642,2021-01-26 02:00:00,624.0,2021-01-24 16:00:00,2021-01-29 04:00:00,2021-01-26 21:00:00,False
643,2021-02-03 06:00:00,597.0,2021-02-01 23:00:00,2021-02-06 16:00:00,2021-02-03 13:00:00,False
644,2021-02-07 16:00:00,545.0,2021-02-06 17:00:00,2021-02-09 04:00:00,2021-02-07 22:00:00,False
645,2021-02-13 08:00:00,524.0,2021-02-12 17:00:00,2021-02-14 19:00:00,2021-02-13 17:00:00,False
646,2021-02-21 13:00:00,603.0,2021-02-19 10:00:00,2021-02-26 16:00:00,2021-02-22 04:00:00,True
647,2021-03-03 04:00:00,690.0,2021-03-01 18:00:00,2021-03-08 23:00:00,2021-03-03 10:00:00,False
648,2021-03-14 09:00:00,580.0,2021-03-13 03:00:00,2021-03-16 07:00:00,2021-03-14 16:00:00,False
649,2021-03-21 20:00:00,670.0,2021-03-19 22:00:00,2021-03-25 02:00:00,2021-03-21 22:00:00,False
650,2021-04-07 22:00:00,487.0,2021-04-07 07:00:00,2021-04-10 01:00:00,2021-04-08 13:00:00,False
651,2021-04-18 07:00:00,668.0,2021-04-15 22:00:00,2021-04-27 18:00:00,2021-04-19 09:00:00,False
652,2021-05-04 01:00:00,475.0,2021-05-02 09:00:00,2021-05-05 20:00:00,2021-05-04 05:00:00,False
653,2021-05-13 00:00:00,511.0,2021-05-12 04:00:00,2021-05-16 02:00:00,2021-05-13 12:00:00,True
654,2021-05-20 23:00:00,577.0,2021-05-19 04:00:00,2021-05-23 21:00:00,2021-05-21 13:00:00,False
655,2021-05-30 02:00:00,482.0,2021-05-26 22:00:00,2021-05-31 13:00:00,2021-05-29 18:00:00,True
656,2021-06-08 04:00:00,520.0,2021-06-07 05:00:00,2021-06-09 19:00:00,2021-06-08 10:00:00,False
657,2021-06-16 14:00:00,614.0,2021-06-12 17:00:00,2021-06-20 18:00:00,2021-06-16 23:00:00,False
658,2021-07-02 22:00:00,539.0,2021-06-30 04:00:00,2021-07-04 01:00:00,2021-07-02 01:00:00,False
659,2021-07-15 21:00:00,506.0,2021-07-14 14:00:00,2021-07-23 11:00:00,2021-07-21 00:00:00,False
660,2021-07-29 01:00:00,567.0,2021-07-27 22:00:00,2021-08-02 00:00:00,2021-07-29 19:00:00,False
661,2021-08-11 09:00:00,476.0,2021-08-07 09:00:00,2021-08-19 07:00:00,2021-08-16 19:00:00,False
662,2021-09-13 17:00:00,479.0,2021-09-12 06:00:00,2021-09-16 06:00:00,2021-09-14 03:00:00,False
663,2021-10-01 01:00:00,562.0,2021-09-22 18:00:00,2021-10-04 00:00:00,2021-09-25 07:00:00,True
664,2021-10-12 16:00:00,485.0,2021-10-11 17:00:00,2021-10-14 18:00:00,2021-10-13 00:00:00,True
665,2021-10-21 01:00:00,554.0,2021-10-18 23:00:00,2021-10-24 04:00:00,2021-10-21 19:00:00,False
666,2021-11-04 01:00:00,762.0,2021-11-01 05:00:00,2021-11-08 11:00:00,2021-11-04 13:00:00,True
667,2021-11-16 23:00:00,644.0,2021-11-16 14:00:00,2021-11-18 15:00:00,2021-11-17 11:00:00,False
668,2021-11-21 12:00:00,687.0,2021-11-18 16:00:00,2021-11-25 07:00:00,2021-11-21 20:00:00,False
669,2021-12-01 08:00:00,542.0,2021-11-28 10:00:00,2021-12-08 15:00:00,2021-12-02 10:00:00,True
670,2021-12-15 14:00:00,558.0,2021-12-15 01:00:00,2021-12-17 11:00:00,2021-12-16 04:00:00,False
671,2021-12-20 23:00:00,681.0,2021-12-19 10:00:00,2021-12-25 07:00:00,2021-12-21 18:00:00,False
672,2022-01-03 06:00:00,601.0,2021-12-30 19:00:00,2022-01-04 16:00:00,2022-01-02 12:00:00,False
673,2022-01-09 09:00:00,520.0,2022-01-08 23:00:00,2022-01-11 18:00:00,2022-01-10 03:00:00,False
674,2022-01-19 07:00:00,696.0,2022-01-14 22:00:00,2022-01-21 19:00:00,2022-01-18 16:00:00,True
675,2022-01-29 23:00:00,540.0,2022-01-27 09:00:00,2022-01-31 14:00:00,2022-01-30 02:00:00,False
676,2022-02-06 09:00:00,598.0,2022-01-31 15:00:00,2022-02-08 18:00:00,2022-02-05 20:00:00,True
677,2022-02-12 07:00:00,576.0,2022-02-10 13:00:00,2022-02-14 16:00:00,2022-02-12 22:00:00,True
678,2022-02-22 10:00:00,560.0,2022-02-19 19:00:00,2022-02-25 13:00:00,2022-02-22 01:00:00,False
679,2022-03-01 16:00:00,547.0,2022-02-27 18:00:00,2022-03-02 16:00:00,2022-03-01 05:00:00,False
680,2022-03-05 20:00:00,580.0,2022-03-04 16:00:00,2022-03-08 02:00:00,2022-03-06 10:00:00,False
681,2022-03-13 11:00:00,535.0,2022-03-12 05:00:00,2022-03-16 09:00:00,2022-03-14 04:00:00,True
682,2022-03-28 06:00:00,548.0,2022-03-26 19:00:00,2022-03-29 04:00:00,2022-03-28 01:00:00,False
683,2022-03-31 11:00:00,595.0,2022-03-29 05:00:00,2022-04-05 08:00:00,2022-04-02 11:00:00,True
684,2022-04-16 01:00:00,675.0,2022-04-07 13:00:00,2022-04-27 11:00:00,2022-04-16 13:00:00,True
685,2022-04-28 20:00:00,535.0,2022-04-27 12:00:00,2022-05-02 11:00:00,2022-04-29 08:00:00,False
686,2022-05-17 11:00:00,606.0,2022-05-14 19:00:00,2022-05-24 04:00:00,2022-05-20 19:00:00,False
687,2022-05-29 22:00:00,637.0,2022-05-27 09:00:00,2022-06-02 03:00:00,2022-05-30 05:00:00,False
688,2022-06-20 16:00:00,659.0,2022-06-13 01:00:00,2022-06-24 04:00:00,2022-06-18 06:00:00,False
689,2022-06-27 03:00:00,672.0,2022-06-25 18:00:00,2022-06-29 03:00:00,2022-06-27 06:00:00,False
690,2022-07-15 20:00:00,557.0,2022-07-12 16:00:00,2022-07-17 00:00:00,2022-07-13 19:00:00,False
691,2022-07-23 03:00:00,649.0,2022-07-19 05:00:00,2022-07-26 09:00:00,2022-07-23 14:00:00,True
692,2022-08-03 00:00:00,557.0,2022-08-01 04:00:00,2022-08-04 18:00:00,2022-08-02 23:00:00,False
693,2022-08-10 00:00:00,670.0,2022-08-07 03:00:00,2022-08-15 20:00:00,2022-08-10 03:00:00,False
694,2022-08-19 20:00:00,705.0,2022-08-17 16:00:00,2022-08-23 08:00:00,2022-08-20 01:00:00,True
695,2022-08-30 20:00:00,614.0,2022-08-29 23:00:00,2022-09-01 10:00:00,2022-08-31 01:00:00,True
696,2022-09-04 11:00:00,717.0,2022-09-01 11:00:00,2022-09-10 04:00:00,2022-09-05 07:00:00,False
697,2022-09-19 01:00:00,520.0,2022-09-18 04:00:00,2022-09-23 20:00:00,2022-09-20 05:00:00,False
698,2022-09-27 19:00:00,657.0,2022-09-27 18:00:00,2022-09-30 10:00:00,2022-09-28 19:00:00,False
699,2022-10-09 23:00:00,647.0,2022-09-30 11:00:00,2022-10-11 14:00:00,2022-10-09 10:00:00,False
700,2022-10-16 23:00:00,623.0,2022-10-14 20:00:00,2022-10-20 00:00:00,2022-10-17 00:00:00,False
701,2022-10-24 05:00:00,558.0,2022-10-21 10:00:00,2022-10-25 14:00:00,2022-10-24 06:00:00,True
702,2022-10-29 13:00:00,562.0,2022-10-28 18:00:00,2022-10-31 13:00:00,2022-10-30 00:00:00,False
703,2022-11-04 03:00:00,634.0,2022-10-31 14:00:00,2022-11-06 02:00:00,2022-11-04 05:00:00,False
704,2022-11-12 15:00:00,481.0,2022-11-11 17:00:00,2022-11-15 16:00:00,2022-11-13 11:00:00,True
705,2022-12-01 20:00:00,829.0,2022-11-25 17:00:00,2022-12-05 10:00:00,2022-12-01 15:00:00,False
706,2022-12-08 22:00:00,588.0,2022-12-07 20:00:00,2022-12-11 08:00:00,2022-12-09 07:00:00,False
707,2022-12-24 23:00:00,725.0,2022-12-22 12:00:00,2022-12-30 04:00:00,2022-12-24 22:00:00,False
708,2022-12-31 20:00:00,611.0,2022-12-30 05:00:00,2023-01-01 23:00:00,2022-12-31 15:00:00,False
709,2023-01-14 07:00:00,540.0,2023-01-13 11:00:00,2023-01-17 19:00:00,2023-01-15 16:00:00,False
710,2023-01-27 12:00:00,574.0,2023-01-25 00:00:00,2023-01-31 11:00:00,2023-01-27 21:00:00,False
711,2023-02-08 13:00:00,611.0,2023-02-06 11:00:00,2023-02-12 15:00:00,2023-02-08 19:00:00,False
712,2023-02-17 03:00:00,528.0,2023-02-16 10:00:00,2023-02-18 21:00:00,2023-02-17 13:00:00,False
713,2023-02-27 13:00:00,846.0,2023-02-22 09:00:00,2023-03-03 09:00:00,2023-02-28 02:00:00,True
714,2023-03-04 04:00:00,733.0,2023-03-03 10:00:00,2023-03-06 17:00:00,2023-03-04 19:00:00,False
715,2023-03-16 05:00:00,559.0,2023-03-12 09:00:00,2023-03-17 15:00:00,2023-03-16 03:00:00,True
716,2023-03-26 19:00:00,606.0,2023-03-21 09:00:00,2023-03-27 14:00:00,2023-03-26 02:00:00,True
717,2023-03-31 04:00:00,631.0,2023-03-29 13:00:00,2023-04-05 19:00:00,2023-04-01 13:00:00,False
718,2023-04-10 15:00:00,536.0,2023-04-09 20:00:00,2023-04-12 19:00:00,2023-04-11 03:00:00,False
719,2023-04-18 21:00:00,616.0,2023-04-18 05:00:00,2023-04-21 02:00:00,2023-04-19 09:00:00,True
720,2023-04-23 21:00:00,711.0,2023-04-23 16:00:00,2023-05-03 13:00:00,2023-04-28 14:00:00,True
721,2023-05-10 12:00:00,668.0,2023-05-07 09:00:00,2023-05-14 15:00:00,2023-05-11 01:00:00,True
722,2023-05-25 09:00:00,626.0,2023-05-20 10:00:00,2023-05-27 13:00:00,2023-05-23 19:00:00,True
723,2023-06-16 12:00:00,682.0,2023-06-14 21:00:00,2023-06-24 09:00:00,2023-06-16 21:00:00,False
724,2023-06-26 05:00:00,600.0,2023-06-24 10:00:00,2023-07-01 16:00:00,2023-06-26 08:00:00,False
725,2023-07-07 08:00:00,501.0,2023-07-05 20:00:00,2023-07-08 22:00:00,2023-07-07 09:00:00,True
726,2023-07-17 18:00:00,582.0,2023-07-14 20:00:00,2023-07-25 08:00:00,2023-07-18 02:00:00,True
727,2023-07-26 16:00:00,574.0,2023-07-25 09:00:00,2023-07-28 11:00:00,2023-07-26 20:00:00,True
728,2023-08-07 22:00:00,620.0,2023-08-05 18:00:00,2023-08-13 06:00:00,2023-08-08 13:00:00,True
729,2023-08-20 23:00:00,642.0,2023-08-18 08:00:00,2023-08-24 12:00:00,2023-08-20 23:00:00,False
730,2023-09-02 08:00:00,716.0,2023-09-01 03:00:00,2023-09-04 22:00:00,2023-09-02 16:00:00,True
731,2023-09-19 03:00:00,643.0,2023-09-13 11:00:00,2023-09-22 03:00:00,2023-09-19 14:00:00,True
732,2023-09-26 18:00:00,521.0,2023-09-24 23:00:00,2023-09-30 23:00:00,2023-09-26 19:00:00,True
733,2023-10-05 23:00:00,486.0,2023-10-04 10:00:00,2023-10-07 18:00:00,2023-10-05 21:00:00,True
734,2023-10-14 03:00:00,541.0,2023-10-13 02:00:00,2023-10-16 09:00:00,2023-10-14 15:00:00,False
735,2023-10-29 08:00:00,640.0,2023-10-27 11:00:00,2023-11-02 00:00:00,2023-10-30 00:00:00,False
736,2023-11-08 12:00:00,735.0,2023-11-05 16:00:00,2023-11-13 17:00:00,2023-11-08 13:00:00,True
737,2023-11-25 22:00:00,597.0,2023-11-24 12:00:00,2023-11-28 06:00:00,2023-11-26 05:00:00,False
738,2023-12-05 16:00:00,647.0,2023-12-01 02:00:00,2023-12-08 20:00:00,2023-12-05 22:00:00,True
739,2023-12-19 03:00:00,714.0,2023-12-15 22:00:00,2023-12-21 07:00:00,2023-12-19 08:00:00,True
740,2023-12-26 20:00:00,496.0,2023-12-24 11:00:00,2023-12-29 03:00:00,2023-12-26 19:00:00,False
741,2024-01-03 20:00:00,483.0,2024-01-02 01:00:00,2024-01-06 03:00:00,2024-01-04 02:00:00,True
742,2024-01-11 10:00:00,470.0,2024-01-09 16:00:00,2024-01-13 10:00:00,2024-01-11 16:00:00,False
743,2024-01-30 05:00:00,487.0,2024-01-21 14:00:00,2024-02-01 17:00:00,2024-01-30 13:00:00,False
744,2024-02-11 07:00:00,732.0,2024-02-05 04:00:00,2024-02-15 23:00:00,2024-02-11 23:00:00,False
745,2024-02-27 11:00:00,443.0,2024-02-24 18:00:00,2024-03-01 12:00:00,2024-02-27 16:00:00,False
746,2024-03-08 10:00:00,506.0,2024-03-05 07:00:00,2024-03-16 08:00:00,2024-03-09 00:00:00,False
747,2024-03-24 21:00:00,852.0,2024-03-23 14:00:00,2024-03-28 07:00:00,2024-03-25 13:00:00,False
748,2024-04-01 11:00:00,558.0,2024-03-30 22:00:00,2024-04-03 08:00:00,2024-04-01 08:00:00,False
749,2024-04-19 23:00:00,491.0,2024-04-19 01:00:00,2024-04-23 12:00:00,2024-04-21 02:00:00,False
750,2024-04-29 17:00:00,488.0,2024-04-27 16:00:00,2024-04-30 23:00:00,2024-04-29 04:00:00,False
751,2024-05-12 01:00:00,1006.0,2024-05-09 16:00:00,2024-05-15 10:00:00,2024-05-12 08:00:00,False
752,2024-06-08 05:00:00,523.0,2024-06-04 10:00:00,2024-06-11 00:00:00,2024-06-08 12:00:00,False
753,2024-06-18 13:00:00,595.0,2024-06-16 04:00:00,2024-06-21 21:00:00,2024-06-18 23:00:00,False
754,2024-06-30 19:00:00,520.0,2024-06-28 02:00:00,2024-07-03 04:00:00,2024-06-30 18:00:00,False
755,2024-07-26 09:00:00,570.0,2024-07-25 19:00:00,2024-07-28 16:00:00,2024-07-26 23:00:00,False
756,2024-08-05 12:00:00,538.0,2024-08-04 16:00:00,2024-08-07 10:00:00,2024-08-05 22:00:00,False
757,2024-08-11 22:00:00,523.0,2024-08-07 11:00:00,2024-08-15 08:00:00,2024-08-12 04:00:00,False
758,2024-08-17 23:00:00,470.0,2024-08-17 06:00:00,2024-08-19 16:00:00,2024-08-18 11:00:00,False
